#! /usr/bin/vvp
:ivl_version "11.0 (stable)";
:ivl_delay_selection "TYPICAL";
:vpi_time_precision + 0;
:vpi_module "/usr/lib/x86_64-linux-gnu/ivl/system.vpi";
:vpi_module "/usr/lib/x86_64-linux-gnu/ivl/vhdl_sys.vpi";
:vpi_module "/usr/lib/x86_64-linux-gnu/ivl/vhdl_textio.vpi";
:vpi_module "/usr/lib/x86_64-linux-gnu/ivl/v2005_math.vpi";
:vpi_module "/usr/lib/x86_64-linux-gnu/ivl/va_math.vpi";
:vpi_module "/usr/lib/x86_64-linux-gnu/ivl/v2009.vpi";
S_0x5f7fcc4a80c0 .scope package, "$unit" "$unit" 2 1;
 .timescale 0 0;
S_0x5f7fcc4a34a0 .scope module, "FA_Gate" "FA_Gate" 3 20;
 .timescale 0 0;
    .port_info 0 /INPUT 1 "a";
    .port_info 1 /INPUT 1 "b";
    .port_info 2 /INPUT 1 "cin";
    .port_info 3 /OUTPUT 1 "sum";
    .port_info 4 /OUTPUT 1 "cout";
o0x73d408a71018 .functor BUFZ 1, C4<z>; HiZ drive
o0x73d408a71048 .functor BUFZ 1, C4<z>; HiZ drive
L_0x5f7fcc595d00 .functor XOR 1, o0x73d408a71018, o0x73d408a71048, C4<0>, C4<0>;
L_0x5f7fcc595d90 .functor AND 1, o0x73d408a71018, o0x73d408a71048, C4<1>, C4<1>;
o0x73d408a71078 .functor BUFZ 1, C4<z>; HiZ drive
L_0x5f7fcc595ea0 .functor XOR 1, o0x73d408a71078, L_0x5f7fcc595d00, C4<0>, C4<0>;
L_0x5f7fcc595f60 .functor AND 1, o0x73d408a71078, L_0x5f7fcc595d00, C4<1>, C4<1>;
L_0x5f7fcc596050 .functor OR 1, L_0x5f7fcc595d90, L_0x5f7fcc595f60, C4<0>, C4<0>;
v0x5f7fcc53f860_0 .net "a", 0 0, o0x73d408a71018;  0 drivers
v0x5f7fcc53d280_0 .net "b", 0 0, o0x73d408a71048;  0 drivers
v0x5f7fcc4f5fd0_0 .net "cin", 0 0, o0x73d408a71078;  0 drivers
v0x5f7fcc4c5010_0 .net "cout", 0 0, L_0x5f7fcc596050;  1 drivers
v0x5f7fcc4f8730_0 .net "pc1", 0 0, L_0x5f7fcc595d90;  1 drivers
v0x5f7fcc4dfd70_0 .net "pc2", 0 0, L_0x5f7fcc595f60;  1 drivers
v0x5f7fcc4d2010_0 .net "ps", 0 0, L_0x5f7fcc595d00;  1 drivers
v0x5f7fcc55e180_0 .net "sum", 0 0, L_0x5f7fcc595ea0;  1 drivers
S_0x5f7fcc4a32c0 .scope module, "cla4" "cla4" 4 22;
 .timescale 0 0;
    .port_info 0 /INPUT 4 "a";
    .port_info 1 /INPUT 4 "b";
    .port_info 2 /INPUT 1 "cin";
    .port_info 3 /OUTPUT 4 "sum";
    .port_info 4 /OUTPUT 1 "cout";
o0x73d408a71288 .functor BUFZ 4, C4<zzzz>; HiZ drive
v0x5f7fcc55e2e0_0 .net "a", 3 0, o0x73d408a71288;  0 drivers
o0x73d408a712b8 .functor BUFZ 4, C4<zzzz>; HiZ drive
v0x5f7fcc55e3e0_0 .net "b", 3 0, o0x73d408a712b8;  0 drivers
o0x73d408a712e8 .functor BUFZ 1, C4<z>; HiZ drive
v0x5f7fcc55e4c0_0 .net "cin", 0 0, o0x73d408a712e8;  0 drivers
o0x73d408a71318 .functor BUFZ 1, C4<z>; HiZ drive
v0x5f7fcc55e560_0 .net "cout", 0 0, o0x73d408a71318;  0 drivers
o0x73d408a71348 .functor BUFZ 4, C4<zzzz>; HiZ drive
v0x5f7fcc55e620_0 .net "sum", 3 0, o0x73d408a71348;  0 drivers
S_0x5f7fcc4a30e0 .scope module, "cla64_flat" "cla64_flat" 5 7;
 .timescale 0 0;
    .port_info 0 /INPUT 64 "a";
    .port_info 1 /INPUT 64 "b";
    .port_info 2 /INPUT 1 "cin";
    .port_info 3 /OUTPUT 64 "sum";
    .port_info 4 /OUTPUT 1 "cout";
L_0x5f7fcc5be480/d .functor XOR 64, L_0x5f7fcc5b8540, L_0x5f7fcc5be390, C4<0000000000000000000000000000000000000000000000000000000000000000>, C4<0000000000000000000000000000000000000000000000000000000000000000>;
L_0x5f7fcc5be480 .delay 64 (2,2,2) L_0x5f7fcc5be480/d;
v0x5f7fcc58c240_0 .net *"_ivl_0", 0 0, L_0x5f7fcc596160;  1 drivers
v0x5f7fcc58c340_0 .net *"_ivl_100", 0 0, L_0x5f7fcc59c5e0;  1 drivers
v0x5f7fcc58c420_0 .net *"_ivl_104", 0 0, L_0x5f7fcc59cab0;  1 drivers
v0x5f7fcc58c510_0 .net *"_ivl_108", 0 0, L_0x5f7fcc59cf90;  1 drivers
v0x5f7fcc58c5f0_0 .net *"_ivl_112", 0 0, L_0x5f7fcc59d480;  1 drivers
v0x5f7fcc58c720_0 .net *"_ivl_116", 0 0, L_0x5f7fcc59d980;  1 drivers
v0x5f7fcc58c800_0 .net *"_ivl_12", 0 0, L_0x5f7fcc596ba0;  1 drivers
v0x5f7fcc58c8e0_0 .net *"_ivl_120", 0 0, L_0x5f7fcc59de90;  1 drivers
v0x5f7fcc58c9c0_0 .net *"_ivl_124", 0 0, L_0x5f7fcc59e3b0;  1 drivers
v0x5f7fcc58caa0_0 .net *"_ivl_128", 0 0, L_0x5f7fcc59ecf0;  1 drivers
v0x5f7fcc58cb80_0 .net *"_ivl_132", 0 0, L_0x5f7fcc59f230;  1 drivers
v0x5f7fcc58cc60_0 .net *"_ivl_136", 0 0, L_0x5f7fcc59f780;  1 drivers
v0x5f7fcc58cd40_0 .net *"_ivl_140", 0 0, L_0x5f7fcc59fce0;  1 drivers
v0x5f7fcc58ce20_0 .net *"_ivl_144", 0 0, L_0x5f7fcc5a0250;  1 drivers
v0x5f7fcc58cf00_0 .net *"_ivl_148", 0 0, L_0x5f7fcc5a07d0;  1 drivers
v0x5f7fcc58cfe0_0 .net *"_ivl_152", 0 0, L_0x5f7fcc5a0d60;  1 drivers
v0x5f7fcc58d0c0_0 .net *"_ivl_156", 0 0, L_0x5f7fcc5a1300;  1 drivers
v0x5f7fcc58d1a0_0 .net *"_ivl_16", 0 0, L_0x5f7fcc596f20;  1 drivers
v0x5f7fcc58d280_0 .net *"_ivl_160", 0 0, L_0x5f7fcc5a18b0;  1 drivers
v0x5f7fcc58d360_0 .net *"_ivl_164", 0 0, L_0x5f7fcc5a1e70;  1 drivers
v0x5f7fcc58d440_0 .net *"_ivl_168", 0 0, L_0x5f7fcc5a2440;  1 drivers
v0x5f7fcc58d520_0 .net *"_ivl_172", 0 0, L_0x5f7fcc5a2a20;  1 drivers
v0x5f7fcc58d600_0 .net *"_ivl_176", 0 0, L_0x5f7fcc5a3010;  1 drivers
v0x5f7fcc58d6e0_0 .net *"_ivl_180", 0 0, L_0x5f7fcc5a3610;  1 drivers
v0x5f7fcc58d7c0_0 .net *"_ivl_184", 0 0, L_0x5f7fcc5a3c20;  1 drivers
v0x5f7fcc58d8a0_0 .net *"_ivl_188", 0 0, L_0x5f7fcc5a4240;  1 drivers
v0x5f7fcc58d980_0 .net *"_ivl_192", 0 0, L_0x5f7fcc5a4870;  1 drivers
v0x5f7fcc58da60_0 .net *"_ivl_196", 0 0, L_0x5f7fcc5a4eb0;  1 drivers
v0x5f7fcc58db40_0 .net *"_ivl_20", 0 0, L_0x5f7fcc597220;  1 drivers
v0x5f7fcc58dc20_0 .net *"_ivl_200", 0 0, L_0x5f7fcc5a5500;  1 drivers
v0x5f7fcc58dd00_0 .net *"_ivl_204", 0 0, L_0x5f7fcc5a5b60;  1 drivers
v0x5f7fcc58dde0_0 .net *"_ivl_208", 0 0, L_0x5f7fcc5a61d0;  1 drivers
v0x5f7fcc58dec0_0 .net *"_ivl_212", 0 0, L_0x5f7fcc5a6850;  1 drivers
v0x5f7fcc58dfa0_0 .net *"_ivl_216", 0 0, L_0x5f7fcc5a6ee0;  1 drivers
v0x5f7fcc58e080_0 .net *"_ivl_220", 0 0, L_0x5f7fcc5a7580;  1 drivers
v0x5f7fcc58e160_0 .net *"_ivl_224", 0 0, L_0x5f7fcc5a7c30;  1 drivers
v0x5f7fcc58e240_0 .net *"_ivl_228", 0 0, L_0x5f7fcc5a82f0;  1 drivers
v0x5f7fcc58e320_0 .net *"_ivl_232", 0 0, L_0x5f7fcc5a89c0;  1 drivers
v0x5f7fcc58e400_0 .net *"_ivl_236", 0 0, L_0x5f7fcc5a90a0;  1 drivers
v0x5f7fcc58e4e0_0 .net *"_ivl_24", 0 0, L_0x5f7fcc597560;  1 drivers
v0x5f7fcc58e5c0_0 .net *"_ivl_240", 0 0, L_0x5f7fcc5a9790;  1 drivers
v0x5f7fcc58e6a0_0 .net *"_ivl_244", 0 0, L_0x5f7fcc5a9e90;  1 drivers
v0x5f7fcc58e780_0 .net *"_ivl_248", 0 0, L_0x5f7fcc5aa5a0;  1 drivers
v0x5f7fcc58e860_0 .net *"_ivl_252", 0 0, L_0x5f7fcc5aacc0;  1 drivers
v0x5f7fcc58e940_0 .net *"_ivl_256", 0 0, L_0x5f7fcc5ac410;  1 drivers
v0x5f7fcc58ea20_0 .net *"_ivl_260", 0 0, L_0x5f7fcc5acb50;  1 drivers
v0x5f7fcc58eb00_0 .net *"_ivl_264", 0 0, L_0x5f7fcc5ac730;  1 drivers
v0x5f7fcc58ebe0_0 .net *"_ivl_268", 0 0, L_0x5f7fcc5aca50;  1 drivers
v0x5f7fcc58ecc0_0 .net *"_ivl_272", 0 0, L_0x5f7fcc5ace70;  1 drivers
v0x5f7fcc58eda0_0 .net *"_ivl_276", 0 0, L_0x5f7fcc5ad190;  1 drivers
v0x5f7fcc58ee80_0 .net *"_ivl_28", 0 0, L_0x5f7fcc5974f0;  1 drivers
v0x5f7fcc58ef60_0 .net *"_ivl_280", 0 0, L_0x5f7fcc5ad4e0;  1 drivers
v0x5f7fcc58f040_0 .net *"_ivl_284", 0 0, L_0x5f7fcc5ad7d0;  1 drivers
v0x5f7fcc58f120_0 .net *"_ivl_288", 0 0, L_0x5f7fcc5adb70;  1 drivers
v0x5f7fcc58f200_0 .net *"_ivl_292", 0 0, L_0x5f7fcc5ade60;  1 drivers
v0x5f7fcc58f2e0_0 .net *"_ivl_296", 0 0, L_0x5f7fcc5ae1d0;  1 drivers
v0x5f7fcc58f3c0_0 .net *"_ivl_300", 0 0, L_0x5f7fcc5ae4f0;  1 drivers
v0x5f7fcc58f4a0_0 .net *"_ivl_304", 0 0, L_0x5f7fcc5ae800;  1 drivers
v0x5f7fcc58f580_0 .net *"_ivl_308", 0 0, L_0x5f7fcc5aeb20;  1 drivers
v0x5f7fcc58f660_0 .net *"_ivl_312", 0 0, L_0x5f7fcc5aeea0;  1 drivers
v0x5f7fcc58f740_0 .net *"_ivl_316", 0 0, L_0x5f7fcc5af1c0;  1 drivers
v0x5f7fcc58f820_0 .net *"_ivl_32", 0 0, L_0x5f7fcc597c40;  1 drivers
v0x5f7fcc58f900_0 .net *"_ivl_320", 0 0, L_0x5f7fcc5af510;  1 drivers
v0x5f7fcc58f9e0_0 .net *"_ivl_324", 0 0, L_0x5f7fcc5af800;  1 drivers
v0x5f7fcc58fac0_0 .net *"_ivl_328", 0 0, L_0x5f7fcc5afba0;  1 drivers
v0x5f7fcc58fba0_0 .net *"_ivl_332", 0 0, L_0x5f7fcc5afe90;  1 drivers
v0x5f7fcc58fc80_0 .net *"_ivl_336", 0 0, L_0x5f7fcc5b0200;  1 drivers
v0x5f7fcc58fd60_0 .net *"_ivl_340", 0 0, L_0x5f7fcc5b0520;  1 drivers
v0x5f7fcc58fe40_0 .net *"_ivl_344", 0 0, L_0x5f7fcc5b0830;  1 drivers
v0x5f7fcc58ff20_0 .net *"_ivl_348", 0 0, L_0x5f7fcc5b0b50;  1 drivers
v0x5f7fcc590000_0 .net *"_ivl_352", 0 0, L_0x5f7fcc5b0ed0;  1 drivers
v0x5f7fcc5900e0_0 .net *"_ivl_356", 0 0, L_0x5f7fcc5b11f0;  1 drivers
v0x5f7fcc5901c0_0 .net *"_ivl_36", 0 0, L_0x5f7fcc598110;  1 drivers
v0x5f7fcc5902a0_0 .net *"_ivl_360", 0 0, L_0x5f7fcc5b1540;  1 drivers
v0x5f7fcc590380_0 .net *"_ivl_364", 0 0, L_0x5f7fcc5b1830;  1 drivers
v0x5f7fcc590460_0 .net *"_ivl_368", 0 0, L_0x5f7fcc5b1bd0;  1 drivers
v0x5f7fcc590540_0 .net *"_ivl_372", 0 0, L_0x5f7fcc5b1ec0;  1 drivers
v0x5f7fcc590620_0 .net *"_ivl_376", 0 0, L_0x5f7fcc5b2230;  1 drivers
v0x5f7fcc590700_0 .net *"_ivl_380", 0 0, L_0x5f7fcc5b2550;  1 drivers
v0x5f7fcc5907e0_0 .net *"_ivl_384", 0 0, L_0x5f7fcc5b2860;  1 drivers
v0x5f7fcc5908c0_0 .net *"_ivl_388", 0 0, L_0x5f7fcc5b2b80;  1 drivers
v0x5f7fcc5909a0_0 .net *"_ivl_392", 0 0, L_0x5f7fcc5b2f00;  1 drivers
v0x5f7fcc590a80_0 .net *"_ivl_396", 0 0, L_0x5f7fcc5b3220;  1 drivers
v0x5f7fcc590b60_0 .net *"_ivl_4", 0 0, L_0x5f7fcc596450;  1 drivers
v0x5f7fcc590c40_0 .net *"_ivl_40", 0 0, L_0x5f7fcc5984e0;  1 drivers
v0x5f7fcc590d20_0 .net *"_ivl_400", 0 0, L_0x5f7fcc5b3570;  1 drivers
v0x5f7fcc590e00_0 .net *"_ivl_404", 0 0, L_0x5f7fcc5b3860;  1 drivers
v0x5f7fcc590ee0_0 .net *"_ivl_408", 0 0, L_0x5f7fcc5b4270;  1 drivers
v0x5f7fcc590fc0_0 .net *"_ivl_412", 0 0, L_0x5f7fcc5b3c00;  1 drivers
v0x5f7fcc5910a0_0 .net *"_ivl_416", 0 0, L_0x5f7fcc5b3f20;  1 drivers
v0x5f7fcc591180_0 .net *"_ivl_420", 0 0, L_0x5f7fcc5b4c00;  1 drivers
v0x5f7fcc591260_0 .net *"_ivl_424", 0 0, L_0x5f7fcc5b4560;  1 drivers
v0x5f7fcc591340_0 .net *"_ivl_428", 0 0, L_0x5f7fcc5b4880;  1 drivers
v0x5f7fcc591420_0 .net *"_ivl_432", 0 0, L_0x5f7fcc5b55c0;  1 drivers
v0x5f7fcc591500_0 .net *"_ivl_436", 0 0, L_0x5f7fcc5b4ef0;  1 drivers
v0x5f7fcc5915e0_0 .net *"_ivl_44", 0 0, L_0x5f7fcc598820;  1 drivers
v0x5f7fcc5916c0_0 .net *"_ivl_440", 0 0, L_0x5f7fcc5b5240;  1 drivers
v0x5f7fcc5917a0_0 .net *"_ivl_444", 0 0, L_0x5f7fcc5b5f60;  1 drivers
v0x5f7fcc591880_0 .net *"_ivl_448", 0 0, L_0x5f7fcc5b5860;  1 drivers
v0x5f7fcc591960_0 .net *"_ivl_452", 0 0, L_0x5f7fcc5b5bb0;  1 drivers
v0x5f7fcc591a40_0 .net *"_ivl_456", 0 0, L_0x5f7fcc5b5ed0;  1 drivers
v0x5f7fcc591b20_0 .net *"_ivl_460", 0 0, L_0x5f7fcc5b6200;  1 drivers
v0x5f7fcc591c00_0 .net *"_ivl_464", 0 0, L_0x5f7fcc5b6550;  1 drivers
v0x5f7fcc591ce0_0 .net *"_ivl_468", 0 0, L_0x5f7fcc5b6870;  1 drivers
v0x5f7fcc591dc0_0 .net *"_ivl_472", 0 0, L_0x5f7fcc5b6bb0;  1 drivers
v0x5f7fcc591ea0_0 .net *"_ivl_476", 0 0, L_0x5f7fcc5b6f00;  1 drivers
v0x5f7fcc591f80_0 .net *"_ivl_48", 0 0, L_0x5f7fcc598c10;  1 drivers
v0x5f7fcc592060_0 .net *"_ivl_480", 0 0, L_0x5f7fcc5b7220;  1 drivers
v0x5f7fcc592140_0 .net *"_ivl_484", 0 0, L_0x5f7fcc5b7540;  1 drivers
v0x5f7fcc592220_0 .net *"_ivl_488", 0 0, L_0x5f7fcc5b7860;  1 drivers
v0x5f7fcc592300_0 .net *"_ivl_492", 0 0, L_0x5f7fcc5b7b80;  1 drivers
v0x5f7fcc5923e0_0 .net *"_ivl_496", 0 0, L_0x5f7fcc5b7f00;  1 drivers
v0x5f7fcc5924c0_0 .net *"_ivl_500", 0 0, L_0x5f7fcc5b8220;  1 drivers
v0x5f7fcc5925a0_0 .net *"_ivl_504", 0 0, L_0x5f7fcc5ba3a0;  1 drivers
v0x5f7fcc592680_0 .net *"_ivl_509", 0 0, L_0x5f7fcc5ba5f0;  1 drivers
v0x5f7fcc592760_0 .net *"_ivl_52", 0 0, L_0x5f7fcc599010;  1 drivers
v0x5f7fcc592840_0 .net *"_ivl_56", 0 0, L_0x5f7fcc599420;  1 drivers
v0x5f7fcc592920_0 .net *"_ivl_60", 0 0, L_0x5f7fcc599840;  1 drivers
v0x5f7fcc592a00_0 .net *"_ivl_64", 0 0, L_0x5f7fcc599e80;  1 drivers
v0x5f7fcc592ae0_0 .net *"_ivl_646", 62 0, L_0x5f7fcc5be2f0;  1 drivers
v0x5f7fcc592bc0_0 .net *"_ivl_647", 63 0, L_0x5f7fcc5be390;  1 drivers
v0x5f7fcc592ca0_0 .net *"_ivl_68", 0 0, L_0x5f7fcc59a2c0;  1 drivers
v0x5f7fcc592d80_0 .net *"_ivl_72", 0 0, L_0x5f7fcc59a1a0;  1 drivers
v0x5f7fcc592e60_0 .net *"_ivl_76", 0 0, L_0x5f7fcc59aa80;  1 drivers
v0x5f7fcc592f40_0 .net *"_ivl_8", 0 0, L_0x5f7fcc596870;  1 drivers
v0x5f7fcc593020_0 .net *"_ivl_80", 0 0, L_0x5f7fcc59aec0;  1 drivers
v0x5f7fcc593100_0 .net *"_ivl_84", 0 0, L_0x5f7fcc59b340;  1 drivers
v0x5f7fcc5931e0_0 .net *"_ivl_88", 0 0, L_0x5f7fcc59b7d0;  1 drivers
v0x5f7fcc5932c0_0 .net *"_ivl_92", 0 0, L_0x5f7fcc59bc70;  1 drivers
v0x5f7fcc593bb0_0 .net *"_ivl_96", 0 0, L_0x5f7fcc59c120;  1 drivers
o0x73d408a77678 .functor BUFZ 64, C4<zzzzzzzzzzzzzzzzzzzzzzzzzzzzzzzzzzzzzzzzzzzzzzzzzzzzzzzzzzzzzzzz>; HiZ drive
v0x5f7fcc593c90_0 .net "a", 63 0, o0x73d408a77678;  0 drivers
o0x73d408a776a8 .functor BUFZ 64, C4<zzzzzzzzzzzzzzzzzzzzzzzzzzzzzzzzzzzzzzzzzzzzzzzzzzzzzzzzzzzzzzzz>; HiZ drive
v0x5f7fcc593d70_0 .net "b", 63 0, o0x73d408a776a8;  0 drivers
v0x5f7fcc593e50_0 .net "c", 64 1, L_0x5f7fcc5d4530;  1 drivers
o0x73d408a77708 .functor BUFZ 1, C4<z>; HiZ drive
v0x5f7fcc593f30_0 .net "cin", 0 0, o0x73d408a77708;  0 drivers
v0x5f7fcc593ff0_0 .net "cout", 0 0, L_0x5f7fcc5d6370;  1 drivers
v0x5f7fcc5940b0_0 .net "g", 63 0, L_0x5f7fcc5b8990;  1 drivers
v0x5f7fcc594190_0 .net "p", 63 0, L_0x5f7fcc5b8540;  1 drivers
v0x5f7fcc594270_0 .net "sum", 63 0, L_0x5f7fcc5be480;  1 drivers
L_0x5f7fcc596270 .part o0x73d408a77678, 0, 1;
L_0x5f7fcc596360 .part o0x73d408a776a8, 0, 1;
L_0x5f7fcc5965c0 .part o0x73d408a77678, 0, 1;
L_0x5f7fcc596700 .part o0x73d408a776a8, 0, 1;
L_0x5f7fcc596980 .part o0x73d408a77678, 1, 1;
L_0x5f7fcc596a70 .part o0x73d408a776a8, 1, 1;
L_0x5f7fcc596cb0 .part o0x73d408a77678, 1, 1;
L_0x5f7fcc596da0 .part o0x73d408a776a8, 1, 1;
L_0x5f7fcc596fe0 .part o0x73d408a77678, 2, 1;
L_0x5f7fcc5970d0 .part o0x73d408a776a8, 2, 1;
L_0x5f7fcc597310 .part o0x73d408a77678, 2, 1;
L_0x5f7fcc597400 .part o0x73d408a776a8, 2, 1;
L_0x5f7fcc5976a0 .part o0x73d408a77678, 3, 1;
L_0x5f7fcc597790 .part o0x73d408a776a8, 3, 1;
L_0x5f7fcc5979d0 .part o0x73d408a77678, 3, 1;
L_0x5f7fcc597ac0 .part o0x73d408a776a8, 3, 1;
L_0x5f7fcc597e90 .part o0x73d408a77678, 4, 1;
L_0x5f7fcc597f80 .part o0x73d408a776a8, 4, 1;
L_0x5f7fcc598250 .part o0x73d408a77678, 4, 1;
L_0x5f7fcc598340 .part o0x73d408a776a8, 4, 1;
L_0x5f7fcc598070 .part o0x73d408a77678, 5, 1;
L_0x5f7fcc598670 .part o0x73d408a776a8, 5, 1;
L_0x5f7fcc598960 .part o0x73d408a77678, 5, 1;
L_0x5f7fcc598a50 .part o0x73d408a776a8, 5, 1;
L_0x5f7fcc598d50 .part o0x73d408a77678, 6, 1;
L_0x5f7fcc598e40 .part o0x73d408a776a8, 6, 1;
L_0x5f7fcc599150 .part o0x73d408a77678, 6, 1;
L_0x5f7fcc599240 .part o0x73d408a776a8, 6, 1;
L_0x5f7fcc599560 .part o0x73d408a77678, 7, 1;
L_0x5f7fcc599650 .part o0x73d408a776a8, 7, 1;
L_0x5f7fcc599980 .part o0x73d408a77678, 7, 1;
L_0x5f7fcc599a70 .part o0x73d408a776a8, 7, 1;
L_0x5f7fcc599fc0 .part o0x73d408a77678, 8, 1;
L_0x5f7fcc59a0b0 .part o0x73d408a776a8, 8, 1;
L_0x5f7fcc59a400 .part o0x73d408a77678, 8, 1;
L_0x5f7fcc59a4f0 .part o0x73d408a776a8, 8, 1;
L_0x5f7fcc59a760 .part o0x73d408a77678, 9, 1;
L_0x5f7fcc59a850 .part o0x73d408a776a8, 9, 1;
L_0x5f7fcc59ab90 .part o0x73d408a77678, 9, 1;
L_0x5f7fcc59ac80 .part o0x73d408a776a8, 9, 1;
L_0x5f7fcc59b000 .part o0x73d408a77678, 10, 1;
L_0x5f7fcc59b0f0 .part o0x73d408a776a8, 10, 1;
L_0x5f7fcc59b480 .part o0x73d408a77678, 10, 1;
L_0x5f7fcc59b570 .part o0x73d408a776a8, 10, 1;
L_0x5f7fcc59b910 .part o0x73d408a77678, 11, 1;
L_0x5f7fcc59ba00 .part o0x73d408a776a8, 11, 1;
L_0x5f7fcc59bdb0 .part o0x73d408a77678, 11, 1;
L_0x5f7fcc59bea0 .part o0x73d408a776a8, 11, 1;
L_0x5f7fcc59c260 .part o0x73d408a77678, 12, 1;
L_0x5f7fcc59c350 .part o0x73d408a776a8, 12, 1;
L_0x5f7fcc59c720 .part o0x73d408a77678, 12, 1;
L_0x5f7fcc59c810 .part o0x73d408a776a8, 12, 1;
L_0x5f7fcc59cbf0 .part o0x73d408a77678, 13, 1;
L_0x5f7fcc59cce0 .part o0x73d408a776a8, 13, 1;
L_0x5f7fcc59d0d0 .part o0x73d408a77678, 13, 1;
L_0x5f7fcc59d1c0 .part o0x73d408a776a8, 13, 1;
L_0x5f7fcc59d5c0 .part o0x73d408a77678, 14, 1;
L_0x5f7fcc59d6b0 .part o0x73d408a776a8, 14, 1;
L_0x5f7fcc59dac0 .part o0x73d408a77678, 14, 1;
L_0x5f7fcc59dbb0 .part o0x73d408a776a8, 14, 1;
L_0x5f7fcc59dfd0 .part o0x73d408a77678, 15, 1;
L_0x5f7fcc59e0c0 .part o0x73d408a776a8, 15, 1;
L_0x5f7fcc59e4f0 .part o0x73d408a77678, 15, 1;
L_0x5f7fcc59e5e0 .part o0x73d408a776a8, 15, 1;
L_0x5f7fcc59ee30 .part o0x73d408a77678, 16, 1;
L_0x5f7fcc59ef20 .part o0x73d408a776a8, 16, 1;
L_0x5f7fcc59f370 .part o0x73d408a77678, 16, 1;
L_0x5f7fcc59f460 .part o0x73d408a776a8, 16, 1;
L_0x5f7fcc59f8c0 .part o0x73d408a77678, 17, 1;
L_0x5f7fcc59f9b0 .part o0x73d408a776a8, 17, 1;
L_0x5f7fcc59fe20 .part o0x73d408a77678, 17, 1;
L_0x5f7fcc59ff10 .part o0x73d408a776a8, 17, 1;
L_0x5f7fcc5a0390 .part o0x73d408a77678, 18, 1;
L_0x5f7fcc5a0480 .part o0x73d408a776a8, 18, 1;
L_0x5f7fcc5a0910 .part o0x73d408a77678, 18, 1;
L_0x5f7fcc5a0a00 .part o0x73d408a776a8, 18, 1;
L_0x5f7fcc5a0ea0 .part o0x73d408a77678, 19, 1;
L_0x5f7fcc5a0f90 .part o0x73d408a776a8, 19, 1;
L_0x5f7fcc5a1440 .part o0x73d408a77678, 19, 1;
L_0x5f7fcc5a1530 .part o0x73d408a776a8, 19, 1;
L_0x5f7fcc5a19f0 .part o0x73d408a77678, 20, 1;
L_0x5f7fcc5a1ae0 .part o0x73d408a776a8, 20, 1;
L_0x5f7fcc5a1fb0 .part o0x73d408a77678, 20, 1;
L_0x5f7fcc5a20a0 .part o0x73d408a776a8, 20, 1;
L_0x5f7fcc5a2580 .part o0x73d408a77678, 21, 1;
L_0x5f7fcc5a2670 .part o0x73d408a776a8, 21, 1;
L_0x5f7fcc5a2b60 .part o0x73d408a77678, 21, 1;
L_0x5f7fcc5a2c50 .part o0x73d408a776a8, 21, 1;
L_0x5f7fcc5a3150 .part o0x73d408a77678, 22, 1;
L_0x5f7fcc5a3240 .part o0x73d408a776a8, 22, 1;
L_0x5f7fcc5a3750 .part o0x73d408a77678, 22, 1;
L_0x5f7fcc5a3840 .part o0x73d408a776a8, 22, 1;
L_0x5f7fcc5a3d60 .part o0x73d408a77678, 23, 1;
L_0x5f7fcc5a3e50 .part o0x73d408a776a8, 23, 1;
L_0x5f7fcc5a4380 .part o0x73d408a77678, 23, 1;
L_0x5f7fcc5a4470 .part o0x73d408a776a8, 23, 1;
L_0x5f7fcc5a49b0 .part o0x73d408a77678, 24, 1;
L_0x5f7fcc5a4aa0 .part o0x73d408a776a8, 24, 1;
L_0x5f7fcc5a4ff0 .part o0x73d408a77678, 24, 1;
L_0x5f7fcc5a50e0 .part o0x73d408a776a8, 24, 1;
L_0x5f7fcc5a5640 .part o0x73d408a77678, 25, 1;
L_0x5f7fcc5a5730 .part o0x73d408a776a8, 25, 1;
L_0x5f7fcc5a5ca0 .part o0x73d408a77678, 25, 1;
L_0x5f7fcc5a5d90 .part o0x73d408a776a8, 25, 1;
L_0x5f7fcc5a6310 .part o0x73d408a77678, 26, 1;
L_0x5f7fcc5a6400 .part o0x73d408a776a8, 26, 1;
L_0x5f7fcc5a6990 .part o0x73d408a77678, 26, 1;
L_0x5f7fcc5a6a80 .part o0x73d408a776a8, 26, 1;
L_0x5f7fcc5a7020 .part o0x73d408a77678, 27, 1;
L_0x5f7fcc5a7110 .part o0x73d408a776a8, 27, 1;
L_0x5f7fcc5a76c0 .part o0x73d408a77678, 27, 1;
L_0x5f7fcc5a77b0 .part o0x73d408a776a8, 27, 1;
L_0x5f7fcc5a7d70 .part o0x73d408a77678, 28, 1;
L_0x5f7fcc5a7e60 .part o0x73d408a776a8, 28, 1;
L_0x5f7fcc5a8430 .part o0x73d408a77678, 28, 1;
L_0x5f7fcc5a8520 .part o0x73d408a776a8, 28, 1;
L_0x5f7fcc5a8b00 .part o0x73d408a77678, 29, 1;
L_0x5f7fcc5a8bf0 .part o0x73d408a776a8, 29, 1;
L_0x5f7fcc5a91e0 .part o0x73d408a77678, 29, 1;
L_0x5f7fcc5a92d0 .part o0x73d408a776a8, 29, 1;
L_0x5f7fcc5a98d0 .part o0x73d408a77678, 30, 1;
L_0x5f7fcc5a99c0 .part o0x73d408a776a8, 30, 1;
L_0x5f7fcc5a9fd0 .part o0x73d408a77678, 30, 1;
L_0x5f7fcc5aa0c0 .part o0x73d408a776a8, 30, 1;
L_0x5f7fcc5aa6e0 .part o0x73d408a77678, 31, 1;
L_0x5f7fcc5aa7d0 .part o0x73d408a776a8, 31, 1;
L_0x5f7fcc5aae00 .part o0x73d408a77678, 31, 1;
L_0x5f7fcc5ab700 .part o0x73d408a776a8, 31, 1;
L_0x5f7fcc5ac550 .part o0x73d408a77678, 32, 1;
L_0x5f7fcc5ac640 .part o0x73d408a776a8, 32, 1;
L_0x5f7fcc5acc90 .part o0x73d408a77678, 32, 1;
L_0x5f7fcc5acd80 .part o0x73d408a776a8, 32, 1;
L_0x5f7fcc5ac870 .part o0x73d408a77678, 33, 1;
L_0x5f7fcc5ac960 .part o0x73d408a776a8, 33, 1;
L_0x5f7fcc5ad300 .part o0x73d408a77678, 33, 1;
L_0x5f7fcc5ad3f0 .part o0x73d408a776a8, 33, 1;
L_0x5f7fcc5acfb0 .part o0x73d408a77678, 34, 1;
L_0x5f7fcc5ad0a0 .part o0x73d408a776a8, 34, 1;
L_0x5f7fcc5ad990 .part o0x73d408a77678, 34, 1;
L_0x5f7fcc5ada80 .part o0x73d408a776a8, 34, 1;
L_0x5f7fcc5ad5f0 .part o0x73d408a77678, 35, 1;
L_0x5f7fcc5ad6e0 .part o0x73d408a776a8, 35, 1;
L_0x5f7fcc5adff0 .part o0x73d408a77678, 35, 1;
L_0x5f7fcc5ae0e0 .part o0x73d408a776a8, 35, 1;
L_0x5f7fcc5adc80 .part o0x73d408a77678, 36, 1;
L_0x5f7fcc5add70 .part o0x73d408a776a8, 36, 1;
L_0x5f7fcc5ae670 .part o0x73d408a77678, 36, 1;
L_0x5f7fcc5ae710 .part o0x73d408a776a8, 36, 1;
L_0x5f7fcc5ae310 .part o0x73d408a77678, 37, 1;
L_0x5f7fcc5ae400 .part o0x73d408a776a8, 37, 1;
L_0x5f7fcc5aecc0 .part o0x73d408a77678, 37, 1;
L_0x5f7fcc5aedb0 .part o0x73d408a776a8, 37, 1;
L_0x5f7fcc5ae940 .part o0x73d408a77678, 38, 1;
L_0x5f7fcc5aea30 .part o0x73d408a776a8, 38, 1;
L_0x5f7fcc5af380 .part o0x73d408a77678, 38, 1;
L_0x5f7fcc5af420 .part o0x73d408a776a8, 38, 1;
L_0x5f7fcc5aefe0 .part o0x73d408a77678, 39, 1;
L_0x5f7fcc5af0d0 .part o0x73d408a776a8, 39, 1;
L_0x5f7fcc5afa10 .part o0x73d408a77678, 39, 1;
L_0x5f7fcc5afab0 .part o0x73d408a776a8, 39, 1;
L_0x5f7fcc5af620 .part o0x73d408a77678, 40, 1;
L_0x5f7fcc5af710 .part o0x73d408a776a8, 40, 1;
L_0x5f7fcc5af940 .part o0x73d408a77678, 40, 1;
L_0x5f7fcc5b0110 .part o0x73d408a776a8, 40, 1;
L_0x5f7fcc5afcb0 .part o0x73d408a77678, 41, 1;
L_0x5f7fcc5afda0 .part o0x73d408a776a8, 41, 1;
L_0x5f7fcc5affd0 .part o0x73d408a77678, 41, 1;
L_0x5f7fcc5b0740 .part o0x73d408a776a8, 41, 1;
L_0x5f7fcc5b0340 .part o0x73d408a77678, 42, 1;
L_0x5f7fcc5b0430 .part o0x73d408a776a8, 42, 1;
L_0x5f7fcc5b0660 .part o0x73d408a77678, 42, 1;
L_0x5f7fcc5b0de0 .part o0x73d408a776a8, 42, 1;
L_0x5f7fcc5b0970 .part o0x73d408a77678, 43, 1;
L_0x5f7fcc5b0a60 .part o0x73d408a776a8, 43, 1;
L_0x5f7fcc5b0c90 .part o0x73d408a77678, 43, 1;
L_0x5f7fcc5b1450 .part o0x73d408a776a8, 43, 1;
L_0x5f7fcc5b1010 .part o0x73d408a77678, 44, 1;
L_0x5f7fcc5b1100 .part o0x73d408a776a8, 44, 1;
L_0x5f7fcc5b1330 .part o0x73d408a77678, 44, 1;
L_0x5f7fcc5b1ae0 .part o0x73d408a776a8, 44, 1;
L_0x5f7fcc5b1650 .part o0x73d408a77678, 45, 1;
L_0x5f7fcc5b1740 .part o0x73d408a776a8, 45, 1;
L_0x5f7fcc5b1970 .part o0x73d408a77678, 45, 1;
L_0x5f7fcc5b2190 .part o0x73d408a776a8, 45, 1;
L_0x5f7fcc5b1ce0 .part o0x73d408a77678, 46, 1;
L_0x5f7fcc5b1dd0 .part o0x73d408a776a8, 46, 1;
L_0x5f7fcc5b2000 .part o0x73d408a77678, 46, 1;
L_0x5f7fcc5b20f0 .part o0x73d408a776a8, 46, 1;
L_0x5f7fcc5b2370 .part o0x73d408a77678, 47, 1;
L_0x5f7fcc5b2460 .part o0x73d408a776a8, 47, 1;
L_0x5f7fcc5b2690 .part o0x73d408a77678, 47, 1;
L_0x5f7fcc5b2e60 .part o0x73d408a776a8, 47, 1;
L_0x5f7fcc5b29a0 .part o0x73d408a77678, 48, 1;
L_0x5f7fcc5b2a90 .part o0x73d408a776a8, 48, 1;
L_0x5f7fcc5b2cc0 .part o0x73d408a77678, 48, 1;
L_0x5f7fcc5b2db0 .part o0x73d408a776a8, 48, 1;
L_0x5f7fcc5b3040 .part o0x73d408a77678, 49, 1;
L_0x5f7fcc5b3130 .part o0x73d408a776a8, 49, 1;
L_0x5f7fcc5b3360 .part o0x73d408a77678, 49, 1;
L_0x5f7fcc5b3450 .part o0x73d408a776a8, 49, 1;
L_0x5f7fcc5b3680 .part o0x73d408a77678, 50, 1;
L_0x5f7fcc5b3770 .part o0x73d408a776a8, 50, 1;
L_0x5f7fcc5b39a0 .part o0x73d408a77678, 50, 1;
L_0x5f7fcc5b3a90 .part o0x73d408a776a8, 50, 1;
L_0x5f7fcc5b4380 .part o0x73d408a77678, 51, 1;
L_0x5f7fcc5b4470 .part o0x73d408a776a8, 51, 1;
L_0x5f7fcc5b3d40 .part o0x73d408a77678, 51, 1;
L_0x5f7fcc5b3e30 .part o0x73d408a776a8, 51, 1;
L_0x5f7fcc5b4060 .part o0x73d408a77678, 52, 1;
L_0x5f7fcc5b4150 .part o0x73d408a776a8, 52, 1;
L_0x5f7fcc5b4d10 .part o0x73d408a77678, 52, 1;
L_0x5f7fcc5b4e00 .part o0x73d408a776a8, 52, 1;
L_0x5f7fcc5b46a0 .part o0x73d408a77678, 53, 1;
L_0x5f7fcc5b4790 .part o0x73d408a776a8, 53, 1;
L_0x5f7fcc5b49c0 .part o0x73d408a77678, 53, 1;
L_0x5f7fcc5b4ab0 .part o0x73d408a776a8, 53, 1;
L_0x5f7fcc5b5680 .part o0x73d408a77678, 54, 1;
L_0x5f7fcc5b5770 .part o0x73d408a776a8, 54, 1;
L_0x5f7fcc5b5060 .part o0x73d408a77678, 54, 1;
L_0x5f7fcc5b5150 .part o0x73d408a776a8, 54, 1;
L_0x5f7fcc5b5380 .part o0x73d408a77678, 55, 1;
L_0x5f7fcc5b5470 .part o0x73d408a776a8, 55, 1;
L_0x5f7fcc5b6020 .part o0x73d408a77678, 55, 1;
L_0x5f7fcc5b6110 .part o0x73d408a776a8, 55, 1;
L_0x5f7fcc5b59d0 .part o0x73d408a77678, 56, 1;
L_0x5f7fcc5b5ac0 .part o0x73d408a776a8, 56, 1;
L_0x5f7fcc5b5cf0 .part o0x73d408a77678, 56, 1;
L_0x5f7fcc5b5de0 .part o0x73d408a776a8, 56, 1;
L_0x5f7fcc5b69d0 .part o0x73d408a77678, 57, 1;
L_0x5f7fcc5b6ac0 .part o0x73d408a776a8, 57, 1;
L_0x5f7fcc5b6370 .part o0x73d408a77678, 57, 1;
L_0x5f7fcc5b6460 .part o0x73d408a776a8, 57, 1;
L_0x5f7fcc5b6690 .part o0x73d408a77678, 58, 1;
L_0x5f7fcc5b6780 .part o0x73d408a776a8, 58, 1;
L_0x5f7fcc5b7360 .part o0x73d408a77678, 58, 1;
L_0x5f7fcc5b7450 .part o0x73d408a776a8, 58, 1;
L_0x5f7fcc5b6d20 .part o0x73d408a77678, 59, 1;
L_0x5f7fcc5b6e10 .part o0x73d408a776a8, 59, 1;
L_0x5f7fcc5b7040 .part o0x73d408a77678, 59, 1;
L_0x5f7fcc5b7130 .part o0x73d408a776a8, 59, 1;
L_0x5f7fcc5b7d20 .part o0x73d408a77678, 60, 1;
L_0x5f7fcc5b7e10 .part o0x73d408a776a8, 60, 1;
L_0x5f7fcc5b7680 .part o0x73d408a77678, 60, 1;
L_0x5f7fcc5b7770 .part o0x73d408a776a8, 60, 1;
L_0x5f7fcc5b79a0 .part o0x73d408a77678, 61, 1;
L_0x5f7fcc5b7a90 .part o0x73d408a776a8, 61, 1;
L_0x5f7fcc5b86c0 .part o0x73d408a77678, 61, 1;
L_0x5f7fcc5b87b0 .part o0x73d408a776a8, 61, 1;
L_0x5f7fcc5b8040 .part o0x73d408a77678, 62, 1;
L_0x5f7fcc5b8130 .part o0x73d408a776a8, 62, 1;
L_0x5f7fcc5b8360 .part o0x73d408a77678, 62, 1;
L_0x5f7fcc5b8450 .part o0x73d408a776a8, 62, 1;
LS_0x5f7fcc5b8540_0_0 .concat8 [ 1 1 1 1], L_0x5f7fcc596160, L_0x5f7fcc596870, L_0x5f7fcc596f20, L_0x5f7fcc597560;
LS_0x5f7fcc5b8540_0_4 .concat8 [ 1 1 1 1], L_0x5f7fcc597c40, L_0x5f7fcc5984e0, L_0x5f7fcc598c10, L_0x5f7fcc599420;
LS_0x5f7fcc5b8540_0_8 .concat8 [ 1 1 1 1], L_0x5f7fcc599e80, L_0x5f7fcc59a1a0, L_0x5f7fcc59aec0, L_0x5f7fcc59b7d0;
LS_0x5f7fcc5b8540_0_12 .concat8 [ 1 1 1 1], L_0x5f7fcc59c120, L_0x5f7fcc59cab0, L_0x5f7fcc59d480, L_0x5f7fcc59de90;
LS_0x5f7fcc5b8540_0_16 .concat8 [ 1 1 1 1], L_0x5f7fcc59ecf0, L_0x5f7fcc59f780, L_0x5f7fcc5a0250, L_0x5f7fcc5a0d60;
LS_0x5f7fcc5b8540_0_20 .concat8 [ 1 1 1 1], L_0x5f7fcc5a18b0, L_0x5f7fcc5a2440, L_0x5f7fcc5a3010, L_0x5f7fcc5a3c20;
LS_0x5f7fcc5b8540_0_24 .concat8 [ 1 1 1 1], L_0x5f7fcc5a4870, L_0x5f7fcc5a5500, L_0x5f7fcc5a61d0, L_0x5f7fcc5a6ee0;
LS_0x5f7fcc5b8540_0_28 .concat8 [ 1 1 1 1], L_0x5f7fcc5a7c30, L_0x5f7fcc5a89c0, L_0x5f7fcc5a9790, L_0x5f7fcc5aa5a0;
LS_0x5f7fcc5b8540_0_32 .concat8 [ 1 1 1 1], L_0x5f7fcc5ac410, L_0x5f7fcc5ac730, L_0x5f7fcc5ace70, L_0x5f7fcc5ad4e0;
LS_0x5f7fcc5b8540_0_36 .concat8 [ 1 1 1 1], L_0x5f7fcc5adb70, L_0x5f7fcc5ae1d0, L_0x5f7fcc5ae800, L_0x5f7fcc5aeea0;
LS_0x5f7fcc5b8540_0_40 .concat8 [ 1 1 1 1], L_0x5f7fcc5af510, L_0x5f7fcc5afba0, L_0x5f7fcc5b0200, L_0x5f7fcc5b0830;
LS_0x5f7fcc5b8540_0_44 .concat8 [ 1 1 1 1], L_0x5f7fcc5b0ed0, L_0x5f7fcc5b1540, L_0x5f7fcc5b1bd0, L_0x5f7fcc5b2230;
LS_0x5f7fcc5b8540_0_48 .concat8 [ 1 1 1 1], L_0x5f7fcc5b2860, L_0x5f7fcc5b2f00, L_0x5f7fcc5b3570, L_0x5f7fcc5b4270;
LS_0x5f7fcc5b8540_0_52 .concat8 [ 1 1 1 1], L_0x5f7fcc5b3f20, L_0x5f7fcc5b4560, L_0x5f7fcc5b55c0, L_0x5f7fcc5b5240;
LS_0x5f7fcc5b8540_0_56 .concat8 [ 1 1 1 1], L_0x5f7fcc5b5860, L_0x5f7fcc5b5ed0, L_0x5f7fcc5b6550, L_0x5f7fcc5b6bb0;
LS_0x5f7fcc5b8540_0_60 .concat8 [ 1 1 1 1], L_0x5f7fcc5b7220, L_0x5f7fcc5b7860, L_0x5f7fcc5b7f00, L_0x5f7fcc5ba3a0;
LS_0x5f7fcc5b8540_1_0 .concat8 [ 4 4 4 4], LS_0x5f7fcc5b8540_0_0, LS_0x5f7fcc5b8540_0_4, LS_0x5f7fcc5b8540_0_8, LS_0x5f7fcc5b8540_0_12;
LS_0x5f7fcc5b8540_1_4 .concat8 [ 4 4 4 4], LS_0x5f7fcc5b8540_0_16, LS_0x5f7fcc5b8540_0_20, LS_0x5f7fcc5b8540_0_24, LS_0x5f7fcc5b8540_0_28;
LS_0x5f7fcc5b8540_1_8 .concat8 [ 4 4 4 4], LS_0x5f7fcc5b8540_0_32, LS_0x5f7fcc5b8540_0_36, LS_0x5f7fcc5b8540_0_40, LS_0x5f7fcc5b8540_0_44;
LS_0x5f7fcc5b8540_1_12 .concat8 [ 4 4 4 4], LS_0x5f7fcc5b8540_0_48, LS_0x5f7fcc5b8540_0_52, LS_0x5f7fcc5b8540_0_56, LS_0x5f7fcc5b8540_0_60;
L_0x5f7fcc5b8540 .concat8 [ 16 16 16 16], LS_0x5f7fcc5b8540_1_0, LS_0x5f7fcc5b8540_1_4, LS_0x5f7fcc5b8540_1_8, LS_0x5f7fcc5b8540_1_12;
L_0x5f7fcc5ba500 .part o0x73d408a77678, 63, 1;
L_0x5f7fcc5b88a0 .part o0x73d408a776a8, 63, 1;
LS_0x5f7fcc5b8990_0_0 .concat8 [ 1 1 1 1], L_0x5f7fcc596450, L_0x5f7fcc596ba0, L_0x5f7fcc597220, L_0x5f7fcc5974f0;
LS_0x5f7fcc5b8990_0_4 .concat8 [ 1 1 1 1], L_0x5f7fcc598110, L_0x5f7fcc598820, L_0x5f7fcc599010, L_0x5f7fcc599840;
LS_0x5f7fcc5b8990_0_8 .concat8 [ 1 1 1 1], L_0x5f7fcc59a2c0, L_0x5f7fcc59aa80, L_0x5f7fcc59b340, L_0x5f7fcc59bc70;
LS_0x5f7fcc5b8990_0_12 .concat8 [ 1 1 1 1], L_0x5f7fcc59c5e0, L_0x5f7fcc59cf90, L_0x5f7fcc59d980, L_0x5f7fcc59e3b0;
LS_0x5f7fcc5b8990_0_16 .concat8 [ 1 1 1 1], L_0x5f7fcc59f230, L_0x5f7fcc59fce0, L_0x5f7fcc5a07d0, L_0x5f7fcc5a1300;
LS_0x5f7fcc5b8990_0_20 .concat8 [ 1 1 1 1], L_0x5f7fcc5a1e70, L_0x5f7fcc5a2a20, L_0x5f7fcc5a3610, L_0x5f7fcc5a4240;
LS_0x5f7fcc5b8990_0_24 .concat8 [ 1 1 1 1], L_0x5f7fcc5a4eb0, L_0x5f7fcc5a5b60, L_0x5f7fcc5a6850, L_0x5f7fcc5a7580;
LS_0x5f7fcc5b8990_0_28 .concat8 [ 1 1 1 1], L_0x5f7fcc5a82f0, L_0x5f7fcc5a90a0, L_0x5f7fcc5a9e90, L_0x5f7fcc5aacc0;
LS_0x5f7fcc5b8990_0_32 .concat8 [ 1 1 1 1], L_0x5f7fcc5acb50, L_0x5f7fcc5aca50, L_0x5f7fcc5ad190, L_0x5f7fcc5ad7d0;
LS_0x5f7fcc5b8990_0_36 .concat8 [ 1 1 1 1], L_0x5f7fcc5ade60, L_0x5f7fcc5ae4f0, L_0x5f7fcc5aeb20, L_0x5f7fcc5af1c0;
LS_0x5f7fcc5b8990_0_40 .concat8 [ 1 1 1 1], L_0x5f7fcc5af800, L_0x5f7fcc5afe90, L_0x5f7fcc5b0520, L_0x5f7fcc5b0b50;
LS_0x5f7fcc5b8990_0_44 .concat8 [ 1 1 1 1], L_0x5f7fcc5b11f0, L_0x5f7fcc5b1830, L_0x5f7fcc5b1ec0, L_0x5f7fcc5b2550;
LS_0x5f7fcc5b8990_0_48 .concat8 [ 1 1 1 1], L_0x5f7fcc5b2b80, L_0x5f7fcc5b3220, L_0x5f7fcc5b3860, L_0x5f7fcc5b3c00;
LS_0x5f7fcc5b8990_0_52 .concat8 [ 1 1 1 1], L_0x5f7fcc5b4c00, L_0x5f7fcc5b4880, L_0x5f7fcc5b4ef0, L_0x5f7fcc5b5f60;
LS_0x5f7fcc5b8990_0_56 .concat8 [ 1 1 1 1], L_0x5f7fcc5b5bb0, L_0x5f7fcc5b6200, L_0x5f7fcc5b6870, L_0x5f7fcc5b6f00;
LS_0x5f7fcc5b8990_0_60 .concat8 [ 1 1 1 1], L_0x5f7fcc5b7540, L_0x5f7fcc5b7b80, L_0x5f7fcc5b8220, L_0x5f7fcc5ba5f0;
LS_0x5f7fcc5b8990_1_0 .concat8 [ 4 4 4 4], LS_0x5f7fcc5b8990_0_0, LS_0x5f7fcc5b8990_0_4, LS_0x5f7fcc5b8990_0_8, LS_0x5f7fcc5b8990_0_12;
LS_0x5f7fcc5b8990_1_4 .concat8 [ 4 4 4 4], LS_0x5f7fcc5b8990_0_16, LS_0x5f7fcc5b8990_0_20, LS_0x5f7fcc5b8990_0_24, LS_0x5f7fcc5b8990_0_28;
LS_0x5f7fcc5b8990_1_8 .concat8 [ 4 4 4 4], LS_0x5f7fcc5b8990_0_32, LS_0x5f7fcc5b8990_0_36, LS_0x5f7fcc5b8990_0_40, LS_0x5f7fcc5b8990_0_44;
LS_0x5f7fcc5b8990_1_12 .concat8 [ 4 4 4 4], LS_0x5f7fcc5b8990_0_48, LS_0x5f7fcc5b8990_0_52, LS_0x5f7fcc5b8990_0_56, LS_0x5f7fcc5b8990_0_60;
L_0x5f7fcc5b8990 .concat8 [ 16 16 16 16], LS_0x5f7fcc5b8990_1_0, LS_0x5f7fcc5b8990_1_4, LS_0x5f7fcc5b8990_1_8, LS_0x5f7fcc5b8990_1_12;
L_0x5f7fcc5ba750 .part o0x73d408a77678, 63, 1;
L_0x5f7fcc5ba840 .part o0x73d408a776a8, 63, 1;
LS_0x5f7fcc5d4530_0_0 .concat8 [ 1 1 1 1], L_0x5f7fcc5ba930, L_0x5f7fcc5bab60, L_0x5f7fcc5bad40, L_0x5f7fcc5ab840;
LS_0x5f7fcc5d4530_0_4 .concat8 [ 1 1 1 1], L_0x5f7fcc5ab980, L_0x5f7fcc5abb10, L_0x5f7fcc5abca0, L_0x5f7fcc5abe30;
LS_0x5f7fcc5d4530_0_8 .concat8 [ 1 1 1 1], L_0x5f7fcc5bbac0, L_0x5f7fcc5bbc00, L_0x5f7fcc5bbd90, L_0x5f7fcc5bbf20;
LS_0x5f7fcc5d4530_0_12 .concat8 [ 1 1 1 1], L_0x5f7fcc5bc0b0, L_0x5f7fcc5aaef0, L_0x5f7fcc5ab080, L_0x5f7fcc5ab420;
LS_0x5f7fcc5d4530_0_16 .concat8 [ 1 1 1 1], L_0x5f7fcc5ab560, L_0x5f7fcc5ced30, L_0x5f7fcc5ceec0, L_0x5f7fcc5cf050;
LS_0x5f7fcc5d4530_0_20 .concat8 [ 1 1 1 1], L_0x5f7fcc5cf1e0, L_0x5f7fcc5cf370, L_0x5f7fcc5cf500, L_0x5f7fcc5cf690;
LS_0x5f7fcc5d4530_0_24 .concat8 [ 1 1 1 1], L_0x5f7fcc5cf820, L_0x5f7fcc5cf9b0, L_0x5f7fcc5cfb40, L_0x5f7fcc5cfcd0;
LS_0x5f7fcc5d4530_0_28 .concat8 [ 1 1 1 1], L_0x5f7fcc5cfe60, L_0x5f7fcc5cfff0, L_0x5f7fcc5d0180, L_0x5f7fcc5d0310;
LS_0x5f7fcc5d4530_0_32 .concat8 [ 1 1 1 1], L_0x5f7fcc5d04a0, L_0x5f7fcc5d0630, L_0x5f7fcc5d07c0, L_0x5f7fcc5d0950;
LS_0x5f7fcc5d4530_0_36 .concat8 [ 1 1 1 1], L_0x5f7fcc5d0ae0, L_0x5f7fcc5d0c70, L_0x5f7fcc5d0e00, L_0x5f7fcc5d0f90;
LS_0x5f7fcc5d4530_0_40 .concat8 [ 1 1 1 1], L_0x5f7fcc5d1120, L_0x5f7fcc5d12b0, L_0x5f7fcc5d1440, L_0x5f7fcc5d15d0;
LS_0x5f7fcc5d4530_0_44 .concat8 [ 1 1 1 1], L_0x5f7fcc5d1760, L_0x5f7fcc5d18f0, L_0x5f7fcc5d1a80, L_0x5f7fcc5d1c10;
LS_0x5f7fcc5d4530_0_48 .concat8 [ 1 1 1 1], L_0x5f7fcc5d1da0, L_0x5f7fcc5d1f30, L_0x5f7fcc5d20c0, L_0x5f7fcc5d2250;
LS_0x5f7fcc5d4530_0_52 .concat8 [ 1 1 1 1], L_0x5f7fcc5d23e0, L_0x5f7fcc5d2570, L_0x5f7fcc5d2700, L_0x5f7fcc5d2890;
LS_0x5f7fcc5d4530_0_56 .concat8 [ 1 1 1 1], L_0x5f7fcc5d2a20, L_0x5f7fcc5d2bb0, L_0x5f7fcc5d2d40, L_0x5f7fcc5d2ed0;
LS_0x5f7fcc5d4530_0_60 .concat8 [ 1 1 1 1], L_0x5f7fcc5d3060, L_0x5f7fcc5d31f0, L_0x5f7fcc5d3380, L_0x5f7fcc5d5980;
LS_0x5f7fcc5d4530_1_0 .concat8 [ 4 4 4 4], LS_0x5f7fcc5d4530_0_0, LS_0x5f7fcc5d4530_0_4, LS_0x5f7fcc5d4530_0_8, LS_0x5f7fcc5d4530_0_12;
LS_0x5f7fcc5d4530_1_4 .concat8 [ 4 4 4 4], LS_0x5f7fcc5d4530_0_16, LS_0x5f7fcc5d4530_0_20, LS_0x5f7fcc5d4530_0_24, LS_0x5f7fcc5d4530_0_28;
LS_0x5f7fcc5d4530_1_8 .concat8 [ 4 4 4 4], LS_0x5f7fcc5d4530_0_32, LS_0x5f7fcc5d4530_0_36, LS_0x5f7fcc5d4530_0_40, LS_0x5f7fcc5d4530_0_44;
LS_0x5f7fcc5d4530_1_12 .concat8 [ 4 4 4 4], LS_0x5f7fcc5d4530_0_48, LS_0x5f7fcc5d4530_0_52, LS_0x5f7fcc5d4530_0_56, LS_0x5f7fcc5d4530_0_60;
L_0x5f7fcc5d4530 .concat8 [ 16 16 16 16], LS_0x5f7fcc5d4530_1_0, LS_0x5f7fcc5d4530_1_4, LS_0x5f7fcc5d4530_1_8, LS_0x5f7fcc5d4530_1_12;
L_0x5f7fcc5d6370 .part L_0x5f7fcc5d4530, 63, 1;
L_0x5f7fcc5be2f0 .part L_0x5f7fcc5d4530, 0, 63;
L_0x5f7fcc5be390 .concat [ 1 63 0 0], o0x73d408a77708, L_0x5f7fcc5be2f0;
S_0x5f7fcc55e7f0 .scope function.vec4.s1, "calc_carry" "calc_carry" 5 26, 5 26 0, S_0x5f7fcc4a30e0;
 .timescale 0 0;
; Variable calc_carry is vec4 return value of scope S_0x5f7fcc55e7f0
v0x5f7fcc55ead0_0 .var "cin_in", 0 0;
v0x5f7fcc55eb90_0 .var "g_in", 63 0;
v0x5f7fcc55ec50_0 .var/i "k", 31 0;
v0x5f7fcc55ed30_0 .var/i "l", 31 0;
v0x5f7fcc55ee60_0 .var/i "m", 31 0;
v0x5f7fcc55ef40_0 .var "p_in", 63 0;
v0x5f7fcc55f020_0 .var "term_and", 0 0;
v0x5f7fcc55f0e0_0 .var "term_or", 0 0;
TD_cla64_flat.calc_carry ;
    %pushi/vec4 0, 0, 1;
    %store/vec4 v0x5f7fcc55f0e0_0, 0, 1;
    %pushi/vec4 0, 0, 32;
    %store/vec4 v0x5f7fcc55ee60_0, 0, 32;
T_0.0 ;
    %load/vec4 v0x5f7fcc55ee60_0;
    %load/vec4 v0x5f7fcc55ec50_0;
    %subi 2, 0, 32;
    %cmp/s;
    %flag_or 5, 4;
    %jmp/0xz T_0.1, 5;
    %load/vec4 v0x5f7fcc55eb90_0;
    %load/vec4 v0x5f7fcc55ee60_0;
    %part/s 1;
    %store/vec4 v0x5f7fcc55f020_0, 0, 1;
    %load/vec4 v0x5f7fcc55ee60_0;
    %addi 1, 0, 32;
    %store/vec4 v0x5f7fcc55ed30_0, 0, 32;
T_0.2 ;
    %load/vec4 v0x5f7fcc55ed30_0;
    %load/vec4 v0x5f7fcc55ec50_0;
    %subi 1, 0, 32;
    %cmp/s;
    %flag_or 5, 4;
    %jmp/0xz T_0.3, 5;
    %load/vec4 v0x5f7fcc55f020_0;
    %load/vec4 v0x5f7fcc55ef40_0;
    %load/vec4 v0x5f7fcc55ed30_0;
    %part/s 1;
    %and;
    %store/vec4 v0x5f7fcc55f020_0, 0, 1;
    %load/vec4 v0x5f7fcc55ed30_0;
    %addi 1, 0, 32;
    %store/vec4 v0x5f7fcc55ed30_0, 0, 32;
    %jmp T_0.2;
T_0.3 ;
    %load/vec4 v0x5f7fcc55f0e0_0;
    %load/vec4 v0x5f7fcc55f020_0;
    %or;
    %store/vec4 v0x5f7fcc55f0e0_0, 0, 1;
    %load/vec4 v0x5f7fcc55ee60_0;
    %addi 1, 0, 32;
    %store/vec4 v0x5f7fcc55ee60_0, 0, 32;
    %jmp T_0.0;
T_0.1 ;
    %load/vec4 v0x5f7fcc55ead0_0;
    %store/vec4 v0x5f7fcc55f020_0, 0, 1;
    %pushi/vec4 0, 0, 32;
    %store/vec4 v0x5f7fcc55ed30_0, 0, 32;
T_0.4 ;
    %load/vec4 v0x5f7fcc55ed30_0;
    %load/vec4 v0x5f7fcc55ec50_0;
    %subi 1, 0, 32;
    %cmp/s;
    %flag_or 5, 4;
    %jmp/0xz T_0.5, 5;
    %load/vec4 v0x5f7fcc55f020_0;
    %load/vec4 v0x5f7fcc55ef40_0;
    %load/vec4 v0x5f7fcc55ed30_0;
    %part/s 1;
    %and;
    %store/vec4 v0x5f7fcc55f020_0, 0, 1;
    %load/vec4 v0x5f7fcc55ed30_0;
    %addi 1, 0, 32;
    %store/vec4 v0x5f7fcc55ed30_0, 0, 32;
    %jmp T_0.4;
T_0.5 ;
    %load/vec4 v0x5f7fcc55eb90_0;
    %load/vec4 v0x5f7fcc55ec50_0;
    %subi 1, 0, 32;
    %part/s 1;
    %load/vec4 v0x5f7fcc55f0e0_0;
    %or;
    %load/vec4 v0x5f7fcc55f020_0;
    %or;
    %ret/vec4 0, 0, 1;  Assign to calc_carry (store_vec4_to_lval)
    %end;
S_0x5f7fcc55f230 .scope generate, "carry_gen[1]" "carry_gen[1]" 5 55, 5 55 0, S_0x5f7fcc4a30e0;
 .timescale 0 0;
P_0x5f7fcc55f400 .param/l "k" 0 5 55, +C4<01>;
L_0x73d408a28018 .functor BUFT 1, C4<00000000000000000000000000000001>, C4<0>, C4<0>, C4<0>;
v0x5f7fcc55f4c0_0 .net/2s *"_ivl_0", 31 0, L_0x73d408a28018;  1 drivers
v0x5f7fcc55f5a0_0 .net *"_ivl_3", 0 0, L_0x5f7fcc5ba930;  1 drivers
L_0x5f7fcc5ba930 .delay 1 (2,2,2) L_0x5f7fcc5ba930/d;
L_0x5f7fcc5ba930/d .ufunc/vec4 TD_cla64_flat.calc_carry, 1, L_0x73d408a28018, L_0x5f7fcc5b8540, L_0x5f7fcc5b8990, o0x73d408a77708 (v0x5f7fcc55ec50_0, v0x5f7fcc55ef40_0, v0x5f7fcc55eb90_0, v0x5f7fcc55ead0_0) S_0x5f7fcc55e7f0;
S_0x5f7fcc55f680 .scope generate, "carry_gen[2]" "carry_gen[2]" 5 55, 5 55 0, S_0x5f7fcc4a30e0;
 .timescale 0 0;
P_0x5f7fcc55f880 .param/l "k" 0 5 55, +C4<010>;
L_0x73d408a28060 .functor BUFT 1, C4<00000000000000000000000000000010>, C4<0>, C4<0>, C4<0>;
v0x5f7fcc55f940_0 .net/2s *"_ivl_0", 31 0, L_0x73d408a28060;  1 drivers
v0x5f7fcc55fa20_0 .net *"_ivl_3", 0 0, L_0x5f7fcc5bab60;  1 drivers
L_0x5f7fcc5bab60 .delay 1 (2,2,2) L_0x5f7fcc5bab60/d;
L_0x5f7fcc5bab60/d .ufunc/vec4 TD_cla64_flat.calc_carry, 1, L_0x73d408a28060, L_0x5f7fcc5b8540, L_0x5f7fcc5b8990, o0x73d408a77708 (v0x5f7fcc55ec50_0, v0x5f7fcc55ef40_0, v0x5f7fcc55eb90_0, v0x5f7fcc55ead0_0) S_0x5f7fcc55e7f0;
S_0x5f7fcc55fb00 .scope generate, "carry_gen[3]" "carry_gen[3]" 5 55, 5 55 0, S_0x5f7fcc4a30e0;
 .timescale 0 0;
P_0x5f7fcc55fd00 .param/l "k" 0 5 55, +C4<011>;
L_0x73d408a280a8 .functor BUFT 1, C4<00000000000000000000000000000011>, C4<0>, C4<0>, C4<0>;
v0x5f7fcc55fde0_0 .net/2s *"_ivl_0", 31 0, L_0x73d408a280a8;  1 drivers
v0x5f7fcc55fec0_0 .net *"_ivl_3", 0 0, L_0x5f7fcc5bad40;  1 drivers
L_0x5f7fcc5bad40 .delay 1 (2,2,2) L_0x5f7fcc5bad40/d;
L_0x5f7fcc5bad40/d .ufunc/vec4 TD_cla64_flat.calc_carry, 1, L_0x73d408a280a8, L_0x5f7fcc5b8540, L_0x5f7fcc5b8990, o0x73d408a77708 (v0x5f7fcc55ec50_0, v0x5f7fcc55ef40_0, v0x5f7fcc55eb90_0, v0x5f7fcc55ead0_0) S_0x5f7fcc55e7f0;
S_0x5f7fcc55ffa0 .scope generate, "carry_gen[4]" "carry_gen[4]" 5 55, 5 55 0, S_0x5f7fcc4a30e0;
 .timescale 0 0;
P_0x5f7fcc5601f0 .param/l "k" 0 5 55, +C4<0100>;
L_0x73d408a280f0 .functor BUFT 1, C4<00000000000000000000000000000100>, C4<0>, C4<0>, C4<0>;
v0x5f7fcc5602d0_0 .net/2s *"_ivl_0", 31 0, L_0x73d408a280f0;  1 drivers
v0x5f7fcc5603b0_0 .net *"_ivl_3", 0 0, L_0x5f7fcc5ab840;  1 drivers
L_0x5f7fcc5ab840 .delay 1 (2,2,2) L_0x5f7fcc5ab840/d;
L_0x5f7fcc5ab840/d .ufunc/vec4 TD_cla64_flat.calc_carry, 1, L_0x73d408a280f0, L_0x5f7fcc5b8540, L_0x5f7fcc5b8990, o0x73d408a77708 (v0x5f7fcc55ec50_0, v0x5f7fcc55ef40_0, v0x5f7fcc55eb90_0, v0x5f7fcc55ead0_0) S_0x5f7fcc55e7f0;
S_0x5f7fcc560490 .scope generate, "carry_gen[5]" "carry_gen[5]" 5 55, 5 55 0, S_0x5f7fcc4a30e0;
 .timescale 0 0;
P_0x5f7fcc560690 .param/l "k" 0 5 55, +C4<0101>;
L_0x73d408a28138 .functor BUFT 1, C4<00000000000000000000000000000101>, C4<0>, C4<0>, C4<0>;
v0x5f7fcc560770_0 .net/2s *"_ivl_0", 31 0, L_0x73d408a28138;  1 drivers
v0x5f7fcc560850_0 .net *"_ivl_3", 0 0, L_0x5f7fcc5ab980;  1 drivers
L_0x5f7fcc5ab980 .delay 1 (2,2,2) L_0x5f7fcc5ab980/d;
L_0x5f7fcc5ab980/d .ufunc/vec4 TD_cla64_flat.calc_carry, 1, L_0x73d408a28138, L_0x5f7fcc5b8540, L_0x5f7fcc5b8990, o0x73d408a77708 (v0x5f7fcc55ec50_0, v0x5f7fcc55ef40_0, v0x5f7fcc55eb90_0, v0x5f7fcc55ead0_0) S_0x5f7fcc55e7f0;
S_0x5f7fcc560930 .scope generate, "carry_gen[6]" "carry_gen[6]" 5 55, 5 55 0, S_0x5f7fcc4a30e0;
 .timescale 0 0;
P_0x5f7fcc560b30 .param/l "k" 0 5 55, +C4<0110>;
L_0x73d408a28180 .functor BUFT 1, C4<00000000000000000000000000000110>, C4<0>, C4<0>, C4<0>;
v0x5f7fcc560c10_0 .net/2s *"_ivl_0", 31 0, L_0x73d408a28180;  1 drivers
v0x5f7fcc560cf0_0 .net *"_ivl_3", 0 0, L_0x5f7fcc5abb10;  1 drivers
L_0x5f7fcc5abb10 .delay 1 (2,2,2) L_0x5f7fcc5abb10/d;
L_0x5f7fcc5abb10/d .ufunc/vec4 TD_cla64_flat.calc_carry, 1, L_0x73d408a28180, L_0x5f7fcc5b8540, L_0x5f7fcc5b8990, o0x73d408a77708 (v0x5f7fcc55ec50_0, v0x5f7fcc55ef40_0, v0x5f7fcc55eb90_0, v0x5f7fcc55ead0_0) S_0x5f7fcc55e7f0;
S_0x5f7fcc560dd0 .scope generate, "carry_gen[7]" "carry_gen[7]" 5 55, 5 55 0, S_0x5f7fcc4a30e0;
 .timescale 0 0;
P_0x5f7fcc560fd0 .param/l "k" 0 5 55, +C4<0111>;
L_0x73d408a281c8 .functor BUFT 1, C4<00000000000000000000000000000111>, C4<0>, C4<0>, C4<0>;
v0x5f7fcc5610b0_0 .net/2s *"_ivl_0", 31 0, L_0x73d408a281c8;  1 drivers
v0x5f7fcc561190_0 .net *"_ivl_3", 0 0, L_0x5f7fcc5abca0;  1 drivers
L_0x5f7fcc5abca0 .delay 1 (2,2,2) L_0x5f7fcc5abca0/d;
L_0x5f7fcc5abca0/d .ufunc/vec4 TD_cla64_flat.calc_carry, 1, L_0x73d408a281c8, L_0x5f7fcc5b8540, L_0x5f7fcc5b8990, o0x73d408a77708 (v0x5f7fcc55ec50_0, v0x5f7fcc55ef40_0, v0x5f7fcc55eb90_0, v0x5f7fcc55ead0_0) S_0x5f7fcc55e7f0;
S_0x5f7fcc561270 .scope generate, "carry_gen[8]" "carry_gen[8]" 5 55, 5 55 0, S_0x5f7fcc4a30e0;
 .timescale 0 0;
P_0x5f7fcc5601a0 .param/l "k" 0 5 55, +C4<01000>;
L_0x73d408a28210 .functor BUFT 1, C4<00000000000000000000000000001000>, C4<0>, C4<0>, C4<0>;
v0x5f7fcc561590_0 .net/2s *"_ivl_0", 31 0, L_0x73d408a28210;  1 drivers
v0x5f7fcc561670_0 .net *"_ivl_3", 0 0, L_0x5f7fcc5abe30;  1 drivers
L_0x5f7fcc5abe30 .delay 1 (2,2,2) L_0x5f7fcc5abe30/d;
L_0x5f7fcc5abe30/d .ufunc/vec4 TD_cla64_flat.calc_carry, 1, L_0x73d408a28210, L_0x5f7fcc5b8540, L_0x5f7fcc5b8990, o0x73d408a77708 (v0x5f7fcc55ec50_0, v0x5f7fcc55ef40_0, v0x5f7fcc55eb90_0, v0x5f7fcc55ead0_0) S_0x5f7fcc55e7f0;
S_0x5f7fcc561750 .scope generate, "carry_gen[9]" "carry_gen[9]" 5 55, 5 55 0, S_0x5f7fcc4a30e0;
 .timescale 0 0;
P_0x5f7fcc561950 .param/l "k" 0 5 55, +C4<01001>;
L_0x73d408a28258 .functor BUFT 1, C4<00000000000000000000000000001001>, C4<0>, C4<0>, C4<0>;
v0x5f7fcc561a30_0 .net/2s *"_ivl_0", 31 0, L_0x73d408a28258;  1 drivers
v0x5f7fcc561b10_0 .net *"_ivl_3", 0 0, L_0x5f7fcc5bbac0;  1 drivers
L_0x5f7fcc5bbac0 .delay 1 (2,2,2) L_0x5f7fcc5bbac0/d;
L_0x5f7fcc5bbac0/d .ufunc/vec4 TD_cla64_flat.calc_carry, 1, L_0x73d408a28258, L_0x5f7fcc5b8540, L_0x5f7fcc5b8990, o0x73d408a77708 (v0x5f7fcc55ec50_0, v0x5f7fcc55ef40_0, v0x5f7fcc55eb90_0, v0x5f7fcc55ead0_0) S_0x5f7fcc55e7f0;
S_0x5f7fcc561bf0 .scope generate, "carry_gen[10]" "carry_gen[10]" 5 55, 5 55 0, S_0x5f7fcc4a30e0;
 .timescale 0 0;
P_0x5f7fcc561df0 .param/l "k" 0 5 55, +C4<01010>;
L_0x73d408a282a0 .functor BUFT 1, C4<00000000000000000000000000001010>, C4<0>, C4<0>, C4<0>;
v0x5f7fcc561ed0_0 .net/2s *"_ivl_0", 31 0, L_0x73d408a282a0;  1 drivers
v0x5f7fcc561fb0_0 .net *"_ivl_3", 0 0, L_0x5f7fcc5bbc00;  1 drivers
L_0x5f7fcc5bbc00 .delay 1 (2,2,2) L_0x5f7fcc5bbc00/d;
L_0x5f7fcc5bbc00/d .ufunc/vec4 TD_cla64_flat.calc_carry, 1, L_0x73d408a282a0, L_0x5f7fcc5b8540, L_0x5f7fcc5b8990, o0x73d408a77708 (v0x5f7fcc55ec50_0, v0x5f7fcc55ef40_0, v0x5f7fcc55eb90_0, v0x5f7fcc55ead0_0) S_0x5f7fcc55e7f0;
S_0x5f7fcc562090 .scope generate, "carry_gen[11]" "carry_gen[11]" 5 55, 5 55 0, S_0x5f7fcc4a30e0;
 .timescale 0 0;
P_0x5f7fcc562290 .param/l "k" 0 5 55, +C4<01011>;
L_0x73d408a282e8 .functor BUFT 1, C4<00000000000000000000000000001011>, C4<0>, C4<0>, C4<0>;
v0x5f7fcc562370_0 .net/2s *"_ivl_0", 31 0, L_0x73d408a282e8;  1 drivers
v0x5f7fcc562450_0 .net *"_ivl_3", 0 0, L_0x5f7fcc5bbd90;  1 drivers
L_0x5f7fcc5bbd90 .delay 1 (2,2,2) L_0x5f7fcc5bbd90/d;
L_0x5f7fcc5bbd90/d .ufunc/vec4 TD_cla64_flat.calc_carry, 1, L_0x73d408a282e8, L_0x5f7fcc5b8540, L_0x5f7fcc5b8990, o0x73d408a77708 (v0x5f7fcc55ec50_0, v0x5f7fcc55ef40_0, v0x5f7fcc55eb90_0, v0x5f7fcc55ead0_0) S_0x5f7fcc55e7f0;
S_0x5f7fcc562530 .scope generate, "carry_gen[12]" "carry_gen[12]" 5 55, 5 55 0, S_0x5f7fcc4a30e0;
 .timescale 0 0;
P_0x5f7fcc562730 .param/l "k" 0 5 55, +C4<01100>;
L_0x73d408a28330 .functor BUFT 1, C4<00000000000000000000000000001100>, C4<0>, C4<0>, C4<0>;
v0x5f7fcc562810_0 .net/2s *"_ivl_0", 31 0, L_0x73d408a28330;  1 drivers
v0x5f7fcc5628f0_0 .net *"_ivl_3", 0 0, L_0x5f7fcc5bbf20;  1 drivers
L_0x5f7fcc5bbf20 .delay 1 (2,2,2) L_0x5f7fcc5bbf20/d;
L_0x5f7fcc5bbf20/d .ufunc/vec4 TD_cla64_flat.calc_carry, 1, L_0x73d408a28330, L_0x5f7fcc5b8540, L_0x5f7fcc5b8990, o0x73d408a77708 (v0x5f7fcc55ec50_0, v0x5f7fcc55ef40_0, v0x5f7fcc55eb90_0, v0x5f7fcc55ead0_0) S_0x5f7fcc55e7f0;
S_0x5f7fcc5629d0 .scope generate, "carry_gen[13]" "carry_gen[13]" 5 55, 5 55 0, S_0x5f7fcc4a30e0;
 .timescale 0 0;
P_0x5f7fcc562bd0 .param/l "k" 0 5 55, +C4<01101>;
L_0x73d408a28378 .functor BUFT 1, C4<00000000000000000000000000001101>, C4<0>, C4<0>, C4<0>;
v0x5f7fcc562cb0_0 .net/2s *"_ivl_0", 31 0, L_0x73d408a28378;  1 drivers
v0x5f7fcc562d90_0 .net *"_ivl_3", 0 0, L_0x5f7fcc5bc0b0;  1 drivers
L_0x5f7fcc5bc0b0 .delay 1 (2,2,2) L_0x5f7fcc5bc0b0/d;
L_0x5f7fcc5bc0b0/d .ufunc/vec4 TD_cla64_flat.calc_carry, 1, L_0x73d408a28378, L_0x5f7fcc5b8540, L_0x5f7fcc5b8990, o0x73d408a77708 (v0x5f7fcc55ec50_0, v0x5f7fcc55ef40_0, v0x5f7fcc55eb90_0, v0x5f7fcc55ead0_0) S_0x5f7fcc55e7f0;
S_0x5f7fcc562e70 .scope generate, "carry_gen[14]" "carry_gen[14]" 5 55, 5 55 0, S_0x5f7fcc4a30e0;
 .timescale 0 0;
P_0x5f7fcc563070 .param/l "k" 0 5 55, +C4<01110>;
L_0x73d408a283c0 .functor BUFT 1, C4<00000000000000000000000000001110>, C4<0>, C4<0>, C4<0>;
v0x5f7fcc563150_0 .net/2s *"_ivl_0", 31 0, L_0x73d408a283c0;  1 drivers
v0x5f7fcc563230_0 .net *"_ivl_3", 0 0, L_0x5f7fcc5aaef0;  1 drivers
L_0x5f7fcc5aaef0 .delay 1 (2,2,2) L_0x5f7fcc5aaef0/d;
L_0x5f7fcc5aaef0/d .ufunc/vec4 TD_cla64_flat.calc_carry, 1, L_0x73d408a283c0, L_0x5f7fcc5b8540, L_0x5f7fcc5b8990, o0x73d408a77708 (v0x5f7fcc55ec50_0, v0x5f7fcc55ef40_0, v0x5f7fcc55eb90_0, v0x5f7fcc55ead0_0) S_0x5f7fcc55e7f0;
S_0x5f7fcc563310 .scope generate, "carry_gen[15]" "carry_gen[15]" 5 55, 5 55 0, S_0x5f7fcc4a30e0;
 .timescale 0 0;
P_0x5f7fcc563510 .param/l "k" 0 5 55, +C4<01111>;
L_0x73d408a28408 .functor BUFT 1, C4<00000000000000000000000000001111>, C4<0>, C4<0>, C4<0>;
v0x5f7fcc5635f0_0 .net/2s *"_ivl_0", 31 0, L_0x73d408a28408;  1 drivers
v0x5f7fcc5636d0_0 .net *"_ivl_3", 0 0, L_0x5f7fcc5ab080;  1 drivers
L_0x5f7fcc5ab080 .delay 1 (2,2,2) L_0x5f7fcc5ab080/d;
L_0x5f7fcc5ab080/d .ufunc/vec4 TD_cla64_flat.calc_carry, 1, L_0x73d408a28408, L_0x5f7fcc5b8540, L_0x5f7fcc5b8990, o0x73d408a77708 (v0x5f7fcc55ec50_0, v0x5f7fcc55ef40_0, v0x5f7fcc55eb90_0, v0x5f7fcc55ead0_0) S_0x5f7fcc55e7f0;
S_0x5f7fcc5637b0 .scope generate, "carry_gen[16]" "carry_gen[16]" 5 55, 5 55 0, S_0x5f7fcc4a30e0;
 .timescale 0 0;
P_0x5f7fcc5639b0 .param/l "k" 0 5 55, +C4<010000>;
L_0x73d408a28450 .functor BUFT 1, C4<00000000000000000000000000010000>, C4<0>, C4<0>, C4<0>;
v0x5f7fcc563a90_0 .net/2s *"_ivl_0", 31 0, L_0x73d408a28450;  1 drivers
v0x5f7fcc563b70_0 .net *"_ivl_3", 0 0, L_0x5f7fcc5ab420;  1 drivers
L_0x5f7fcc5ab420 .delay 1 (2,2,2) L_0x5f7fcc5ab420/d;
L_0x5f7fcc5ab420/d .ufunc/vec4 TD_cla64_flat.calc_carry, 1, L_0x73d408a28450, L_0x5f7fcc5b8540, L_0x5f7fcc5b8990, o0x73d408a77708 (v0x5f7fcc55ec50_0, v0x5f7fcc55ef40_0, v0x5f7fcc55eb90_0, v0x5f7fcc55ead0_0) S_0x5f7fcc55e7f0;
S_0x5f7fcc563c50 .scope generate, "carry_gen[17]" "carry_gen[17]" 5 55, 5 55 0, S_0x5f7fcc4a30e0;
 .timescale 0 0;
P_0x5f7fcc563e50 .param/l "k" 0 5 55, +C4<010001>;
L_0x73d408a28498 .functor BUFT 1, C4<00000000000000000000000000010001>, C4<0>, C4<0>, C4<0>;
v0x5f7fcc563f30_0 .net/2s *"_ivl_0", 31 0, L_0x73d408a28498;  1 drivers
v0x5f7fcc564010_0 .net *"_ivl_3", 0 0, L_0x5f7fcc5ab560;  1 drivers
L_0x5f7fcc5ab560 .delay 1 (2,2,2) L_0x5f7fcc5ab560/d;
L_0x5f7fcc5ab560/d .ufunc/vec4 TD_cla64_flat.calc_carry, 1, L_0x73d408a28498, L_0x5f7fcc5b8540, L_0x5f7fcc5b8990, o0x73d408a77708 (v0x5f7fcc55ec50_0, v0x5f7fcc55ef40_0, v0x5f7fcc55eb90_0, v0x5f7fcc55ead0_0) S_0x5f7fcc55e7f0;
S_0x5f7fcc5640f0 .scope generate, "carry_gen[18]" "carry_gen[18]" 5 55, 5 55 0, S_0x5f7fcc4a30e0;
 .timescale 0 0;
P_0x5f7fcc5642f0 .param/l "k" 0 5 55, +C4<010010>;
L_0x73d408a284e0 .functor BUFT 1, C4<00000000000000000000000000010010>, C4<0>, C4<0>, C4<0>;
v0x5f7fcc5643d0_0 .net/2s *"_ivl_0", 31 0, L_0x73d408a284e0;  1 drivers
v0x5f7fcc5644b0_0 .net *"_ivl_3", 0 0, L_0x5f7fcc5ced30;  1 drivers
L_0x5f7fcc5ced30 .delay 1 (2,2,2) L_0x5f7fcc5ced30/d;
L_0x5f7fcc5ced30/d .ufunc/vec4 TD_cla64_flat.calc_carry, 1, L_0x73d408a284e0, L_0x5f7fcc5b8540, L_0x5f7fcc5b8990, o0x73d408a77708 (v0x5f7fcc55ec50_0, v0x5f7fcc55ef40_0, v0x5f7fcc55eb90_0, v0x5f7fcc55ead0_0) S_0x5f7fcc55e7f0;
S_0x5f7fcc564590 .scope generate, "carry_gen[19]" "carry_gen[19]" 5 55, 5 55 0, S_0x5f7fcc4a30e0;
 .timescale 0 0;
P_0x5f7fcc564790 .param/l "k" 0 5 55, +C4<010011>;
L_0x73d408a28528 .functor BUFT 1, C4<00000000000000000000000000010011>, C4<0>, C4<0>, C4<0>;
v0x5f7fcc564870_0 .net/2s *"_ivl_0", 31 0, L_0x73d408a28528;  1 drivers
v0x5f7fcc564950_0 .net *"_ivl_3", 0 0, L_0x5f7fcc5ceec0;  1 drivers
L_0x5f7fcc5ceec0 .delay 1 (2,2,2) L_0x5f7fcc5ceec0/d;
L_0x5f7fcc5ceec0/d .ufunc/vec4 TD_cla64_flat.calc_carry, 1, L_0x73d408a28528, L_0x5f7fcc5b8540, L_0x5f7fcc5b8990, o0x73d408a77708 (v0x5f7fcc55ec50_0, v0x5f7fcc55ef40_0, v0x5f7fcc55eb90_0, v0x5f7fcc55ead0_0) S_0x5f7fcc55e7f0;
S_0x5f7fcc564a30 .scope generate, "carry_gen[20]" "carry_gen[20]" 5 55, 5 55 0, S_0x5f7fcc4a30e0;
 .timescale 0 0;
P_0x5f7fcc564c30 .param/l "k" 0 5 55, +C4<010100>;
L_0x73d408a28570 .functor BUFT 1, C4<00000000000000000000000000010100>, C4<0>, C4<0>, C4<0>;
v0x5f7fcc564d10_0 .net/2s *"_ivl_0", 31 0, L_0x73d408a28570;  1 drivers
v0x5f7fcc564df0_0 .net *"_ivl_3", 0 0, L_0x5f7fcc5cf050;  1 drivers
L_0x5f7fcc5cf050 .delay 1 (2,2,2) L_0x5f7fcc5cf050/d;
L_0x5f7fcc5cf050/d .ufunc/vec4 TD_cla64_flat.calc_carry, 1, L_0x73d408a28570, L_0x5f7fcc5b8540, L_0x5f7fcc5b8990, o0x73d408a77708 (v0x5f7fcc55ec50_0, v0x5f7fcc55ef40_0, v0x5f7fcc55eb90_0, v0x5f7fcc55ead0_0) S_0x5f7fcc55e7f0;
S_0x5f7fcc564ed0 .scope generate, "carry_gen[21]" "carry_gen[21]" 5 55, 5 55 0, S_0x5f7fcc4a30e0;
 .timescale 0 0;
P_0x5f7fcc5650d0 .param/l "k" 0 5 55, +C4<010101>;
L_0x73d408a285b8 .functor BUFT 1, C4<00000000000000000000000000010101>, C4<0>, C4<0>, C4<0>;
v0x5f7fcc5651b0_0 .net/2s *"_ivl_0", 31 0, L_0x73d408a285b8;  1 drivers
v0x5f7fcc565290_0 .net *"_ivl_3", 0 0, L_0x5f7fcc5cf1e0;  1 drivers
L_0x5f7fcc5cf1e0 .delay 1 (2,2,2) L_0x5f7fcc5cf1e0/d;
L_0x5f7fcc5cf1e0/d .ufunc/vec4 TD_cla64_flat.calc_carry, 1, L_0x73d408a285b8, L_0x5f7fcc5b8540, L_0x5f7fcc5b8990, o0x73d408a77708 (v0x5f7fcc55ec50_0, v0x5f7fcc55ef40_0, v0x5f7fcc55eb90_0, v0x5f7fcc55ead0_0) S_0x5f7fcc55e7f0;
S_0x5f7fcc565370 .scope generate, "carry_gen[22]" "carry_gen[22]" 5 55, 5 55 0, S_0x5f7fcc4a30e0;
 .timescale 0 0;
P_0x5f7fcc565570 .param/l "k" 0 5 55, +C4<010110>;
L_0x73d408a28600 .functor BUFT 1, C4<00000000000000000000000000010110>, C4<0>, C4<0>, C4<0>;
v0x5f7fcc565650_0 .net/2s *"_ivl_0", 31 0, L_0x73d408a28600;  1 drivers
v0x5f7fcc565730_0 .net *"_ivl_3", 0 0, L_0x5f7fcc5cf370;  1 drivers
L_0x5f7fcc5cf370 .delay 1 (2,2,2) L_0x5f7fcc5cf370/d;
L_0x5f7fcc5cf370/d .ufunc/vec4 TD_cla64_flat.calc_carry, 1, L_0x73d408a28600, L_0x5f7fcc5b8540, L_0x5f7fcc5b8990, o0x73d408a77708 (v0x5f7fcc55ec50_0, v0x5f7fcc55ef40_0, v0x5f7fcc55eb90_0, v0x5f7fcc55ead0_0) S_0x5f7fcc55e7f0;
S_0x5f7fcc565810 .scope generate, "carry_gen[23]" "carry_gen[23]" 5 55, 5 55 0, S_0x5f7fcc4a30e0;
 .timescale 0 0;
P_0x5f7fcc565a10 .param/l "k" 0 5 55, +C4<010111>;
L_0x73d408a28648 .functor BUFT 1, C4<00000000000000000000000000010111>, C4<0>, C4<0>, C4<0>;
v0x5f7fcc565af0_0 .net/2s *"_ivl_0", 31 0, L_0x73d408a28648;  1 drivers
v0x5f7fcc565bd0_0 .net *"_ivl_3", 0 0, L_0x5f7fcc5cf500;  1 drivers
L_0x5f7fcc5cf500 .delay 1 (2,2,2) L_0x5f7fcc5cf500/d;
L_0x5f7fcc5cf500/d .ufunc/vec4 TD_cla64_flat.calc_carry, 1, L_0x73d408a28648, L_0x5f7fcc5b8540, L_0x5f7fcc5b8990, o0x73d408a77708 (v0x5f7fcc55ec50_0, v0x5f7fcc55ef40_0, v0x5f7fcc55eb90_0, v0x5f7fcc55ead0_0) S_0x5f7fcc55e7f0;
S_0x5f7fcc565cb0 .scope generate, "carry_gen[24]" "carry_gen[24]" 5 55, 5 55 0, S_0x5f7fcc4a30e0;
 .timescale 0 0;
P_0x5f7fcc565eb0 .param/l "k" 0 5 55, +C4<011000>;
L_0x73d408a28690 .functor BUFT 1, C4<00000000000000000000000000011000>, C4<0>, C4<0>, C4<0>;
v0x5f7fcc565f90_0 .net/2s *"_ivl_0", 31 0, L_0x73d408a28690;  1 drivers
v0x5f7fcc566070_0 .net *"_ivl_3", 0 0, L_0x5f7fcc5cf690;  1 drivers
L_0x5f7fcc5cf690 .delay 1 (2,2,2) L_0x5f7fcc5cf690/d;
L_0x5f7fcc5cf690/d .ufunc/vec4 TD_cla64_flat.calc_carry, 1, L_0x73d408a28690, L_0x5f7fcc5b8540, L_0x5f7fcc5b8990, o0x73d408a77708 (v0x5f7fcc55ec50_0, v0x5f7fcc55ef40_0, v0x5f7fcc55eb90_0, v0x5f7fcc55ead0_0) S_0x5f7fcc55e7f0;
S_0x5f7fcc566150 .scope generate, "carry_gen[25]" "carry_gen[25]" 5 55, 5 55 0, S_0x5f7fcc4a30e0;
 .timescale 0 0;
P_0x5f7fcc566350 .param/l "k" 0 5 55, +C4<011001>;
L_0x73d408a286d8 .functor BUFT 1, C4<00000000000000000000000000011001>, C4<0>, C4<0>, C4<0>;
v0x5f7fcc566430_0 .net/2s *"_ivl_0", 31 0, L_0x73d408a286d8;  1 drivers
v0x5f7fcc566510_0 .net *"_ivl_3", 0 0, L_0x5f7fcc5cf820;  1 drivers
L_0x5f7fcc5cf820 .delay 1 (2,2,2) L_0x5f7fcc5cf820/d;
L_0x5f7fcc5cf820/d .ufunc/vec4 TD_cla64_flat.calc_carry, 1, L_0x73d408a286d8, L_0x5f7fcc5b8540, L_0x5f7fcc5b8990, o0x73d408a77708 (v0x5f7fcc55ec50_0, v0x5f7fcc55ef40_0, v0x5f7fcc55eb90_0, v0x5f7fcc55ead0_0) S_0x5f7fcc55e7f0;
S_0x5f7fcc5665f0 .scope generate, "carry_gen[26]" "carry_gen[26]" 5 55, 5 55 0, S_0x5f7fcc4a30e0;
 .timescale 0 0;
P_0x5f7fcc5667f0 .param/l "k" 0 5 55, +C4<011010>;
L_0x73d408a28720 .functor BUFT 1, C4<00000000000000000000000000011010>, C4<0>, C4<0>, C4<0>;
v0x5f7fcc5668d0_0 .net/2s *"_ivl_0", 31 0, L_0x73d408a28720;  1 drivers
v0x5f7fcc5669b0_0 .net *"_ivl_3", 0 0, L_0x5f7fcc5cf9b0;  1 drivers
L_0x5f7fcc5cf9b0 .delay 1 (2,2,2) L_0x5f7fcc5cf9b0/d;
L_0x5f7fcc5cf9b0/d .ufunc/vec4 TD_cla64_flat.calc_carry, 1, L_0x73d408a28720, L_0x5f7fcc5b8540, L_0x5f7fcc5b8990, o0x73d408a77708 (v0x5f7fcc55ec50_0, v0x5f7fcc55ef40_0, v0x5f7fcc55eb90_0, v0x5f7fcc55ead0_0) S_0x5f7fcc55e7f0;
S_0x5f7fcc566a90 .scope generate, "carry_gen[27]" "carry_gen[27]" 5 55, 5 55 0, S_0x5f7fcc4a30e0;
 .timescale 0 0;
P_0x5f7fcc566c90 .param/l "k" 0 5 55, +C4<011011>;
L_0x73d408a28768 .functor BUFT 1, C4<00000000000000000000000000011011>, C4<0>, C4<0>, C4<0>;
v0x5f7fcc566d70_0 .net/2s *"_ivl_0", 31 0, L_0x73d408a28768;  1 drivers
v0x5f7fcc566e50_0 .net *"_ivl_3", 0 0, L_0x5f7fcc5cfb40;  1 drivers
L_0x5f7fcc5cfb40 .delay 1 (2,2,2) L_0x5f7fcc5cfb40/d;
L_0x5f7fcc5cfb40/d .ufunc/vec4 TD_cla64_flat.calc_carry, 1, L_0x73d408a28768, L_0x5f7fcc5b8540, L_0x5f7fcc5b8990, o0x73d408a77708 (v0x5f7fcc55ec50_0, v0x5f7fcc55ef40_0, v0x5f7fcc55eb90_0, v0x5f7fcc55ead0_0) S_0x5f7fcc55e7f0;
S_0x5f7fcc566f30 .scope generate, "carry_gen[28]" "carry_gen[28]" 5 55, 5 55 0, S_0x5f7fcc4a30e0;
 .timescale 0 0;
P_0x5f7fcc567130 .param/l "k" 0 5 55, +C4<011100>;
L_0x73d408a287b0 .functor BUFT 1, C4<00000000000000000000000000011100>, C4<0>, C4<0>, C4<0>;
v0x5f7fcc567210_0 .net/2s *"_ivl_0", 31 0, L_0x73d408a287b0;  1 drivers
v0x5f7fcc5672f0_0 .net *"_ivl_3", 0 0, L_0x5f7fcc5cfcd0;  1 drivers
L_0x5f7fcc5cfcd0 .delay 1 (2,2,2) L_0x5f7fcc5cfcd0/d;
L_0x5f7fcc5cfcd0/d .ufunc/vec4 TD_cla64_flat.calc_carry, 1, L_0x73d408a287b0, L_0x5f7fcc5b8540, L_0x5f7fcc5b8990, o0x73d408a77708 (v0x5f7fcc55ec50_0, v0x5f7fcc55ef40_0, v0x5f7fcc55eb90_0, v0x5f7fcc55ead0_0) S_0x5f7fcc55e7f0;
S_0x5f7fcc5673d0 .scope generate, "carry_gen[29]" "carry_gen[29]" 5 55, 5 55 0, S_0x5f7fcc4a30e0;
 .timescale 0 0;
P_0x5f7fcc5675d0 .param/l "k" 0 5 55, +C4<011101>;
L_0x73d408a287f8 .functor BUFT 1, C4<00000000000000000000000000011101>, C4<0>, C4<0>, C4<0>;
v0x5f7fcc5676b0_0 .net/2s *"_ivl_0", 31 0, L_0x73d408a287f8;  1 drivers
v0x5f7fcc567790_0 .net *"_ivl_3", 0 0, L_0x5f7fcc5cfe60;  1 drivers
L_0x5f7fcc5cfe60 .delay 1 (2,2,2) L_0x5f7fcc5cfe60/d;
L_0x5f7fcc5cfe60/d .ufunc/vec4 TD_cla64_flat.calc_carry, 1, L_0x73d408a287f8, L_0x5f7fcc5b8540, L_0x5f7fcc5b8990, o0x73d408a77708 (v0x5f7fcc55ec50_0, v0x5f7fcc55ef40_0, v0x5f7fcc55eb90_0, v0x5f7fcc55ead0_0) S_0x5f7fcc55e7f0;
S_0x5f7fcc567870 .scope generate, "carry_gen[30]" "carry_gen[30]" 5 55, 5 55 0, S_0x5f7fcc4a30e0;
 .timescale 0 0;
P_0x5f7fcc567a70 .param/l "k" 0 5 55, +C4<011110>;
L_0x73d408a28840 .functor BUFT 1, C4<00000000000000000000000000011110>, C4<0>, C4<0>, C4<0>;
v0x5f7fcc567b50_0 .net/2s *"_ivl_0", 31 0, L_0x73d408a28840;  1 drivers
v0x5f7fcc567c30_0 .net *"_ivl_3", 0 0, L_0x5f7fcc5cfff0;  1 drivers
L_0x5f7fcc5cfff0 .delay 1 (2,2,2) L_0x5f7fcc5cfff0/d;
L_0x5f7fcc5cfff0/d .ufunc/vec4 TD_cla64_flat.calc_carry, 1, L_0x73d408a28840, L_0x5f7fcc5b8540, L_0x5f7fcc5b8990, o0x73d408a77708 (v0x5f7fcc55ec50_0, v0x5f7fcc55ef40_0, v0x5f7fcc55eb90_0, v0x5f7fcc55ead0_0) S_0x5f7fcc55e7f0;
S_0x5f7fcc567d10 .scope generate, "carry_gen[31]" "carry_gen[31]" 5 55, 5 55 0, S_0x5f7fcc4a30e0;
 .timescale 0 0;
P_0x5f7fcc567f10 .param/l "k" 0 5 55, +C4<011111>;
L_0x73d408a28888 .functor BUFT 1, C4<00000000000000000000000000011111>, C4<0>, C4<0>, C4<0>;
v0x5f7fcc567ff0_0 .net/2s *"_ivl_0", 31 0, L_0x73d408a28888;  1 drivers
v0x5f7fcc5680d0_0 .net *"_ivl_3", 0 0, L_0x5f7fcc5d0180;  1 drivers
L_0x5f7fcc5d0180 .delay 1 (2,2,2) L_0x5f7fcc5d0180/d;
L_0x5f7fcc5d0180/d .ufunc/vec4 TD_cla64_flat.calc_carry, 1, L_0x73d408a28888, L_0x5f7fcc5b8540, L_0x5f7fcc5b8990, o0x73d408a77708 (v0x5f7fcc55ec50_0, v0x5f7fcc55ef40_0, v0x5f7fcc55eb90_0, v0x5f7fcc55ead0_0) S_0x5f7fcc55e7f0;
S_0x5f7fcc5681b0 .scope generate, "carry_gen[32]" "carry_gen[32]" 5 55, 5 55 0, S_0x5f7fcc4a30e0;
 .timescale 0 0;
P_0x5f7fcc5683b0 .param/l "k" 0 5 55, +C4<0100000>;
L_0x73d408a288d0 .functor BUFT 1, C4<00000000000000000000000000100000>, C4<0>, C4<0>, C4<0>;
v0x5f7fcc568470_0 .net/2s *"_ivl_0", 31 0, L_0x73d408a288d0;  1 drivers
v0x5f7fcc568570_0 .net *"_ivl_3", 0 0, L_0x5f7fcc5d0310;  1 drivers
L_0x5f7fcc5d0310 .delay 1 (2,2,2) L_0x5f7fcc5d0310/d;
L_0x5f7fcc5d0310/d .ufunc/vec4 TD_cla64_flat.calc_carry, 1, L_0x73d408a288d0, L_0x5f7fcc5b8540, L_0x5f7fcc5b8990, o0x73d408a77708 (v0x5f7fcc55ec50_0, v0x5f7fcc55ef40_0, v0x5f7fcc55eb90_0, v0x5f7fcc55ead0_0) S_0x5f7fcc55e7f0;
S_0x5f7fcc568650 .scope generate, "carry_gen[33]" "carry_gen[33]" 5 55, 5 55 0, S_0x5f7fcc4a30e0;
 .timescale 0 0;
P_0x5f7fcc568850 .param/l "k" 0 5 55, +C4<0100001>;
L_0x73d408a28918 .functor BUFT 1, C4<00000000000000000000000000100001>, C4<0>, C4<0>, C4<0>;
v0x5f7fcc568910_0 .net/2s *"_ivl_0", 31 0, L_0x73d408a28918;  1 drivers
v0x5f7fcc568a10_0 .net *"_ivl_3", 0 0, L_0x5f7fcc5d04a0;  1 drivers
L_0x5f7fcc5d04a0 .delay 1 (2,2,2) L_0x5f7fcc5d04a0/d;
L_0x5f7fcc5d04a0/d .ufunc/vec4 TD_cla64_flat.calc_carry, 1, L_0x73d408a28918, L_0x5f7fcc5b8540, L_0x5f7fcc5b8990, o0x73d408a77708 (v0x5f7fcc55ec50_0, v0x5f7fcc55ef40_0, v0x5f7fcc55eb90_0, v0x5f7fcc55ead0_0) S_0x5f7fcc55e7f0;
S_0x5f7fcc568af0 .scope generate, "carry_gen[34]" "carry_gen[34]" 5 55, 5 55 0, S_0x5f7fcc4a30e0;
 .timescale 0 0;
P_0x5f7fcc568cf0 .param/l "k" 0 5 55, +C4<0100010>;
L_0x73d408a28960 .functor BUFT 1, C4<00000000000000000000000000100010>, C4<0>, C4<0>, C4<0>;
v0x5f7fcc568db0_0 .net/2s *"_ivl_0", 31 0, L_0x73d408a28960;  1 drivers
v0x5f7fcc568eb0_0 .net *"_ivl_3", 0 0, L_0x5f7fcc5d0630;  1 drivers
L_0x5f7fcc5d0630 .delay 1 (2,2,2) L_0x5f7fcc5d0630/d;
L_0x5f7fcc5d0630/d .ufunc/vec4 TD_cla64_flat.calc_carry, 1, L_0x73d408a28960, L_0x5f7fcc5b8540, L_0x5f7fcc5b8990, o0x73d408a77708 (v0x5f7fcc55ec50_0, v0x5f7fcc55ef40_0, v0x5f7fcc55eb90_0, v0x5f7fcc55ead0_0) S_0x5f7fcc55e7f0;
S_0x5f7fcc568f90 .scope generate, "carry_gen[35]" "carry_gen[35]" 5 55, 5 55 0, S_0x5f7fcc4a30e0;
 .timescale 0 0;
P_0x5f7fcc569190 .param/l "k" 0 5 55, +C4<0100011>;
L_0x73d408a289a8 .functor BUFT 1, C4<00000000000000000000000000100011>, C4<0>, C4<0>, C4<0>;
v0x5f7fcc569250_0 .net/2s *"_ivl_0", 31 0, L_0x73d408a289a8;  1 drivers
v0x5f7fcc569350_0 .net *"_ivl_3", 0 0, L_0x5f7fcc5d07c0;  1 drivers
L_0x5f7fcc5d07c0 .delay 1 (2,2,2) L_0x5f7fcc5d07c0/d;
L_0x5f7fcc5d07c0/d .ufunc/vec4 TD_cla64_flat.calc_carry, 1, L_0x73d408a289a8, L_0x5f7fcc5b8540, L_0x5f7fcc5b8990, o0x73d408a77708 (v0x5f7fcc55ec50_0, v0x5f7fcc55ef40_0, v0x5f7fcc55eb90_0, v0x5f7fcc55ead0_0) S_0x5f7fcc55e7f0;
S_0x5f7fcc569430 .scope generate, "carry_gen[36]" "carry_gen[36]" 5 55, 5 55 0, S_0x5f7fcc4a30e0;
 .timescale 0 0;
P_0x5f7fcc569630 .param/l "k" 0 5 55, +C4<0100100>;
L_0x73d408a289f0 .functor BUFT 1, C4<00000000000000000000000000100100>, C4<0>, C4<0>, C4<0>;
v0x5f7fcc5696f0_0 .net/2s *"_ivl_0", 31 0, L_0x73d408a289f0;  1 drivers
v0x5f7fcc5697f0_0 .net *"_ivl_3", 0 0, L_0x5f7fcc5d0950;  1 drivers
L_0x5f7fcc5d0950 .delay 1 (2,2,2) L_0x5f7fcc5d0950/d;
L_0x5f7fcc5d0950/d .ufunc/vec4 TD_cla64_flat.calc_carry, 1, L_0x73d408a289f0, L_0x5f7fcc5b8540, L_0x5f7fcc5b8990, o0x73d408a77708 (v0x5f7fcc55ec50_0, v0x5f7fcc55ef40_0, v0x5f7fcc55eb90_0, v0x5f7fcc55ead0_0) S_0x5f7fcc55e7f0;
S_0x5f7fcc5698d0 .scope generate, "carry_gen[37]" "carry_gen[37]" 5 55, 5 55 0, S_0x5f7fcc4a30e0;
 .timescale 0 0;
P_0x5f7fcc569ad0 .param/l "k" 0 5 55, +C4<0100101>;
L_0x73d408a28a38 .functor BUFT 1, C4<00000000000000000000000000100101>, C4<0>, C4<0>, C4<0>;
v0x5f7fcc569b90_0 .net/2s *"_ivl_0", 31 0, L_0x73d408a28a38;  1 drivers
v0x5f7fcc569c90_0 .net *"_ivl_3", 0 0, L_0x5f7fcc5d0ae0;  1 drivers
L_0x5f7fcc5d0ae0 .delay 1 (2,2,2) L_0x5f7fcc5d0ae0/d;
L_0x5f7fcc5d0ae0/d .ufunc/vec4 TD_cla64_flat.calc_carry, 1, L_0x73d408a28a38, L_0x5f7fcc5b8540, L_0x5f7fcc5b8990, o0x73d408a77708 (v0x5f7fcc55ec50_0, v0x5f7fcc55ef40_0, v0x5f7fcc55eb90_0, v0x5f7fcc55ead0_0) S_0x5f7fcc55e7f0;
S_0x5f7fcc569d70 .scope generate, "carry_gen[38]" "carry_gen[38]" 5 55, 5 55 0, S_0x5f7fcc4a30e0;
 .timescale 0 0;
P_0x5f7fcc569f70 .param/l "k" 0 5 55, +C4<0100110>;
L_0x73d408a28a80 .functor BUFT 1, C4<00000000000000000000000000100110>, C4<0>, C4<0>, C4<0>;
v0x5f7fcc56a030_0 .net/2s *"_ivl_0", 31 0, L_0x73d408a28a80;  1 drivers
v0x5f7fcc56a130_0 .net *"_ivl_3", 0 0, L_0x5f7fcc5d0c70;  1 drivers
L_0x5f7fcc5d0c70 .delay 1 (2,2,2) L_0x5f7fcc5d0c70/d;
L_0x5f7fcc5d0c70/d .ufunc/vec4 TD_cla64_flat.calc_carry, 1, L_0x73d408a28a80, L_0x5f7fcc5b8540, L_0x5f7fcc5b8990, o0x73d408a77708 (v0x5f7fcc55ec50_0, v0x5f7fcc55ef40_0, v0x5f7fcc55eb90_0, v0x5f7fcc55ead0_0) S_0x5f7fcc55e7f0;
S_0x5f7fcc56a210 .scope generate, "carry_gen[39]" "carry_gen[39]" 5 55, 5 55 0, S_0x5f7fcc4a30e0;
 .timescale 0 0;
P_0x5f7fcc56a410 .param/l "k" 0 5 55, +C4<0100111>;
L_0x73d408a28ac8 .functor BUFT 1, C4<00000000000000000000000000100111>, C4<0>, C4<0>, C4<0>;
v0x5f7fcc56a4d0_0 .net/2s *"_ivl_0", 31 0, L_0x73d408a28ac8;  1 drivers
v0x5f7fcc56a5d0_0 .net *"_ivl_3", 0 0, L_0x5f7fcc5d0e00;  1 drivers
L_0x5f7fcc5d0e00 .delay 1 (2,2,2) L_0x5f7fcc5d0e00/d;
L_0x5f7fcc5d0e00/d .ufunc/vec4 TD_cla64_flat.calc_carry, 1, L_0x73d408a28ac8, L_0x5f7fcc5b8540, L_0x5f7fcc5b8990, o0x73d408a77708 (v0x5f7fcc55ec50_0, v0x5f7fcc55ef40_0, v0x5f7fcc55eb90_0, v0x5f7fcc55ead0_0) S_0x5f7fcc55e7f0;
S_0x5f7fcc56a6b0 .scope generate, "carry_gen[40]" "carry_gen[40]" 5 55, 5 55 0, S_0x5f7fcc4a30e0;
 .timescale 0 0;
P_0x5f7fcc56a8b0 .param/l "k" 0 5 55, +C4<0101000>;
L_0x73d408a28b10 .functor BUFT 1, C4<00000000000000000000000000101000>, C4<0>, C4<0>, C4<0>;
v0x5f7fcc56a970_0 .net/2s *"_ivl_0", 31 0, L_0x73d408a28b10;  1 drivers
v0x5f7fcc56aa70_0 .net *"_ivl_3", 0 0, L_0x5f7fcc5d0f90;  1 drivers
L_0x5f7fcc5d0f90 .delay 1 (2,2,2) L_0x5f7fcc5d0f90/d;
L_0x5f7fcc5d0f90/d .ufunc/vec4 TD_cla64_flat.calc_carry, 1, L_0x73d408a28b10, L_0x5f7fcc5b8540, L_0x5f7fcc5b8990, o0x73d408a77708 (v0x5f7fcc55ec50_0, v0x5f7fcc55ef40_0, v0x5f7fcc55eb90_0, v0x5f7fcc55ead0_0) S_0x5f7fcc55e7f0;
S_0x5f7fcc56ab50 .scope generate, "carry_gen[41]" "carry_gen[41]" 5 55, 5 55 0, S_0x5f7fcc4a30e0;
 .timescale 0 0;
P_0x5f7fcc56ad50 .param/l "k" 0 5 55, +C4<0101001>;
L_0x73d408a28b58 .functor BUFT 1, C4<00000000000000000000000000101001>, C4<0>, C4<0>, C4<0>;
v0x5f7fcc56ae10_0 .net/2s *"_ivl_0", 31 0, L_0x73d408a28b58;  1 drivers
v0x5f7fcc56af10_0 .net *"_ivl_3", 0 0, L_0x5f7fcc5d1120;  1 drivers
L_0x5f7fcc5d1120 .delay 1 (2,2,2) L_0x5f7fcc5d1120/d;
L_0x5f7fcc5d1120/d .ufunc/vec4 TD_cla64_flat.calc_carry, 1, L_0x73d408a28b58, L_0x5f7fcc5b8540, L_0x5f7fcc5b8990, o0x73d408a77708 (v0x5f7fcc55ec50_0, v0x5f7fcc55ef40_0, v0x5f7fcc55eb90_0, v0x5f7fcc55ead0_0) S_0x5f7fcc55e7f0;
S_0x5f7fcc56aff0 .scope generate, "carry_gen[42]" "carry_gen[42]" 5 55, 5 55 0, S_0x5f7fcc4a30e0;
 .timescale 0 0;
P_0x5f7fcc56b1f0 .param/l "k" 0 5 55, +C4<0101010>;
L_0x73d408a28ba0 .functor BUFT 1, C4<00000000000000000000000000101010>, C4<0>, C4<0>, C4<0>;
v0x5f7fcc56b2b0_0 .net/2s *"_ivl_0", 31 0, L_0x73d408a28ba0;  1 drivers
v0x5f7fcc56b3b0_0 .net *"_ivl_3", 0 0, L_0x5f7fcc5d12b0;  1 drivers
L_0x5f7fcc5d12b0 .delay 1 (2,2,2) L_0x5f7fcc5d12b0/d;
L_0x5f7fcc5d12b0/d .ufunc/vec4 TD_cla64_flat.calc_carry, 1, L_0x73d408a28ba0, L_0x5f7fcc5b8540, L_0x5f7fcc5b8990, o0x73d408a77708 (v0x5f7fcc55ec50_0, v0x5f7fcc55ef40_0, v0x5f7fcc55eb90_0, v0x5f7fcc55ead0_0) S_0x5f7fcc55e7f0;
S_0x5f7fcc56b490 .scope generate, "carry_gen[43]" "carry_gen[43]" 5 55, 5 55 0, S_0x5f7fcc4a30e0;
 .timescale 0 0;
P_0x5f7fcc56b690 .param/l "k" 0 5 55, +C4<0101011>;
L_0x73d408a28be8 .functor BUFT 1, C4<00000000000000000000000000101011>, C4<0>, C4<0>, C4<0>;
v0x5f7fcc56b750_0 .net/2s *"_ivl_0", 31 0, L_0x73d408a28be8;  1 drivers
v0x5f7fcc56b850_0 .net *"_ivl_3", 0 0, L_0x5f7fcc5d1440;  1 drivers
L_0x5f7fcc5d1440 .delay 1 (2,2,2) L_0x5f7fcc5d1440/d;
L_0x5f7fcc5d1440/d .ufunc/vec4 TD_cla64_flat.calc_carry, 1, L_0x73d408a28be8, L_0x5f7fcc5b8540, L_0x5f7fcc5b8990, o0x73d408a77708 (v0x5f7fcc55ec50_0, v0x5f7fcc55ef40_0, v0x5f7fcc55eb90_0, v0x5f7fcc55ead0_0) S_0x5f7fcc55e7f0;
S_0x5f7fcc56b930 .scope generate, "carry_gen[44]" "carry_gen[44]" 5 55, 5 55 0, S_0x5f7fcc4a30e0;
 .timescale 0 0;
P_0x5f7fcc56bb30 .param/l "k" 0 5 55, +C4<0101100>;
L_0x73d408a28c30 .functor BUFT 1, C4<00000000000000000000000000101100>, C4<0>, C4<0>, C4<0>;
v0x5f7fcc56bbf0_0 .net/2s *"_ivl_0", 31 0, L_0x73d408a28c30;  1 drivers
v0x5f7fcc56bcf0_0 .net *"_ivl_3", 0 0, L_0x5f7fcc5d15d0;  1 drivers
L_0x5f7fcc5d15d0 .delay 1 (2,2,2) L_0x5f7fcc5d15d0/d;
L_0x5f7fcc5d15d0/d .ufunc/vec4 TD_cla64_flat.calc_carry, 1, L_0x73d408a28c30, L_0x5f7fcc5b8540, L_0x5f7fcc5b8990, o0x73d408a77708 (v0x5f7fcc55ec50_0, v0x5f7fcc55ef40_0, v0x5f7fcc55eb90_0, v0x5f7fcc55ead0_0) S_0x5f7fcc55e7f0;
S_0x5f7fcc56bdd0 .scope generate, "carry_gen[45]" "carry_gen[45]" 5 55, 5 55 0, S_0x5f7fcc4a30e0;
 .timescale 0 0;
P_0x5f7fcc56bfd0 .param/l "k" 0 5 55, +C4<0101101>;
L_0x73d408a28c78 .functor BUFT 1, C4<00000000000000000000000000101101>, C4<0>, C4<0>, C4<0>;
v0x5f7fcc56c090_0 .net/2s *"_ivl_0", 31 0, L_0x73d408a28c78;  1 drivers
v0x5f7fcc56c190_0 .net *"_ivl_3", 0 0, L_0x5f7fcc5d1760;  1 drivers
L_0x5f7fcc5d1760 .delay 1 (2,2,2) L_0x5f7fcc5d1760/d;
L_0x5f7fcc5d1760/d .ufunc/vec4 TD_cla64_flat.calc_carry, 1, L_0x73d408a28c78, L_0x5f7fcc5b8540, L_0x5f7fcc5b8990, o0x73d408a77708 (v0x5f7fcc55ec50_0, v0x5f7fcc55ef40_0, v0x5f7fcc55eb90_0, v0x5f7fcc55ead0_0) S_0x5f7fcc55e7f0;
S_0x5f7fcc56c270 .scope generate, "carry_gen[46]" "carry_gen[46]" 5 55, 5 55 0, S_0x5f7fcc4a30e0;
 .timescale 0 0;
P_0x5f7fcc56c470 .param/l "k" 0 5 55, +C4<0101110>;
L_0x73d408a28cc0 .functor BUFT 1, C4<00000000000000000000000000101110>, C4<0>, C4<0>, C4<0>;
v0x5f7fcc56c530_0 .net/2s *"_ivl_0", 31 0, L_0x73d408a28cc0;  1 drivers
v0x5f7fcc56c630_0 .net *"_ivl_3", 0 0, L_0x5f7fcc5d18f0;  1 drivers
L_0x5f7fcc5d18f0 .delay 1 (2,2,2) L_0x5f7fcc5d18f0/d;
L_0x5f7fcc5d18f0/d .ufunc/vec4 TD_cla64_flat.calc_carry, 1, L_0x73d408a28cc0, L_0x5f7fcc5b8540, L_0x5f7fcc5b8990, o0x73d408a77708 (v0x5f7fcc55ec50_0, v0x5f7fcc55ef40_0, v0x5f7fcc55eb90_0, v0x5f7fcc55ead0_0) S_0x5f7fcc55e7f0;
S_0x5f7fcc56c710 .scope generate, "carry_gen[47]" "carry_gen[47]" 5 55, 5 55 0, S_0x5f7fcc4a30e0;
 .timescale 0 0;
P_0x5f7fcc56c910 .param/l "k" 0 5 55, +C4<0101111>;
L_0x73d408a28d08 .functor BUFT 1, C4<00000000000000000000000000101111>, C4<0>, C4<0>, C4<0>;
v0x5f7fcc56c9d0_0 .net/2s *"_ivl_0", 31 0, L_0x73d408a28d08;  1 drivers
v0x5f7fcc56cad0_0 .net *"_ivl_3", 0 0, L_0x5f7fcc5d1a80;  1 drivers
L_0x5f7fcc5d1a80 .delay 1 (2,2,2) L_0x5f7fcc5d1a80/d;
L_0x5f7fcc5d1a80/d .ufunc/vec4 TD_cla64_flat.calc_carry, 1, L_0x73d408a28d08, L_0x5f7fcc5b8540, L_0x5f7fcc5b8990, o0x73d408a77708 (v0x5f7fcc55ec50_0, v0x5f7fcc55ef40_0, v0x5f7fcc55eb90_0, v0x5f7fcc55ead0_0) S_0x5f7fcc55e7f0;
S_0x5f7fcc56cbb0 .scope generate, "carry_gen[48]" "carry_gen[48]" 5 55, 5 55 0, S_0x5f7fcc4a30e0;
 .timescale 0 0;
P_0x5f7fcc56cdb0 .param/l "k" 0 5 55, +C4<0110000>;
L_0x73d408a28d50 .functor BUFT 1, C4<00000000000000000000000000110000>, C4<0>, C4<0>, C4<0>;
v0x5f7fcc56ce70_0 .net/2s *"_ivl_0", 31 0, L_0x73d408a28d50;  1 drivers
v0x5f7fcc56cf70_0 .net *"_ivl_3", 0 0, L_0x5f7fcc5d1c10;  1 drivers
L_0x5f7fcc5d1c10 .delay 1 (2,2,2) L_0x5f7fcc5d1c10/d;
L_0x5f7fcc5d1c10/d .ufunc/vec4 TD_cla64_flat.calc_carry, 1, L_0x73d408a28d50, L_0x5f7fcc5b8540, L_0x5f7fcc5b8990, o0x73d408a77708 (v0x5f7fcc55ec50_0, v0x5f7fcc55ef40_0, v0x5f7fcc55eb90_0, v0x5f7fcc55ead0_0) S_0x5f7fcc55e7f0;
S_0x5f7fcc56d050 .scope generate, "carry_gen[49]" "carry_gen[49]" 5 55, 5 55 0, S_0x5f7fcc4a30e0;
 .timescale 0 0;
P_0x5f7fcc56d250 .param/l "k" 0 5 55, +C4<0110001>;
L_0x73d408a28d98 .functor BUFT 1, C4<00000000000000000000000000110001>, C4<0>, C4<0>, C4<0>;
v0x5f7fcc56d310_0 .net/2s *"_ivl_0", 31 0, L_0x73d408a28d98;  1 drivers
v0x5f7fcc56d410_0 .net *"_ivl_3", 0 0, L_0x5f7fcc5d1da0;  1 drivers
L_0x5f7fcc5d1da0 .delay 1 (2,2,2) L_0x5f7fcc5d1da0/d;
L_0x5f7fcc5d1da0/d .ufunc/vec4 TD_cla64_flat.calc_carry, 1, L_0x73d408a28d98, L_0x5f7fcc5b8540, L_0x5f7fcc5b8990, o0x73d408a77708 (v0x5f7fcc55ec50_0, v0x5f7fcc55ef40_0, v0x5f7fcc55eb90_0, v0x5f7fcc55ead0_0) S_0x5f7fcc55e7f0;
S_0x5f7fcc56d4f0 .scope generate, "carry_gen[50]" "carry_gen[50]" 5 55, 5 55 0, S_0x5f7fcc4a30e0;
 .timescale 0 0;
P_0x5f7fcc56d6f0 .param/l "k" 0 5 55, +C4<0110010>;
L_0x73d408a28de0 .functor BUFT 1, C4<00000000000000000000000000110010>, C4<0>, C4<0>, C4<0>;
v0x5f7fcc56d7b0_0 .net/2s *"_ivl_0", 31 0, L_0x73d408a28de0;  1 drivers
v0x5f7fcc56d8b0_0 .net *"_ivl_3", 0 0, L_0x5f7fcc5d1f30;  1 drivers
L_0x5f7fcc5d1f30 .delay 1 (2,2,2) L_0x5f7fcc5d1f30/d;
L_0x5f7fcc5d1f30/d .ufunc/vec4 TD_cla64_flat.calc_carry, 1, L_0x73d408a28de0, L_0x5f7fcc5b8540, L_0x5f7fcc5b8990, o0x73d408a77708 (v0x5f7fcc55ec50_0, v0x5f7fcc55ef40_0, v0x5f7fcc55eb90_0, v0x5f7fcc55ead0_0) S_0x5f7fcc55e7f0;
S_0x5f7fcc56d990 .scope generate, "carry_gen[51]" "carry_gen[51]" 5 55, 5 55 0, S_0x5f7fcc4a30e0;
 .timescale 0 0;
P_0x5f7fcc56db90 .param/l "k" 0 5 55, +C4<0110011>;
L_0x73d408a28e28 .functor BUFT 1, C4<00000000000000000000000000110011>, C4<0>, C4<0>, C4<0>;
v0x5f7fcc56dc50_0 .net/2s *"_ivl_0", 31 0, L_0x73d408a28e28;  1 drivers
v0x5f7fcc56dd50_0 .net *"_ivl_3", 0 0, L_0x5f7fcc5d20c0;  1 drivers
L_0x5f7fcc5d20c0 .delay 1 (2,2,2) L_0x5f7fcc5d20c0/d;
L_0x5f7fcc5d20c0/d .ufunc/vec4 TD_cla64_flat.calc_carry, 1, L_0x73d408a28e28, L_0x5f7fcc5b8540, L_0x5f7fcc5b8990, o0x73d408a77708 (v0x5f7fcc55ec50_0, v0x5f7fcc55ef40_0, v0x5f7fcc55eb90_0, v0x5f7fcc55ead0_0) S_0x5f7fcc55e7f0;
S_0x5f7fcc56de30 .scope generate, "carry_gen[52]" "carry_gen[52]" 5 55, 5 55 0, S_0x5f7fcc4a30e0;
 .timescale 0 0;
P_0x5f7fcc56e030 .param/l "k" 0 5 55, +C4<0110100>;
L_0x73d408a28e70 .functor BUFT 1, C4<00000000000000000000000000110100>, C4<0>, C4<0>, C4<0>;
v0x5f7fcc56e0f0_0 .net/2s *"_ivl_0", 31 0, L_0x73d408a28e70;  1 drivers
v0x5f7fcc56e1f0_0 .net *"_ivl_3", 0 0, L_0x5f7fcc5d2250;  1 drivers
L_0x5f7fcc5d2250 .delay 1 (2,2,2) L_0x5f7fcc5d2250/d;
L_0x5f7fcc5d2250/d .ufunc/vec4 TD_cla64_flat.calc_carry, 1, L_0x73d408a28e70, L_0x5f7fcc5b8540, L_0x5f7fcc5b8990, o0x73d408a77708 (v0x5f7fcc55ec50_0, v0x5f7fcc55ef40_0, v0x5f7fcc55eb90_0, v0x5f7fcc55ead0_0) S_0x5f7fcc55e7f0;
S_0x5f7fcc56e2d0 .scope generate, "carry_gen[53]" "carry_gen[53]" 5 55, 5 55 0, S_0x5f7fcc4a30e0;
 .timescale 0 0;
P_0x5f7fcc56e4d0 .param/l "k" 0 5 55, +C4<0110101>;
L_0x73d408a28eb8 .functor BUFT 1, C4<00000000000000000000000000110101>, C4<0>, C4<0>, C4<0>;
v0x5f7fcc56e590_0 .net/2s *"_ivl_0", 31 0, L_0x73d408a28eb8;  1 drivers
v0x5f7fcc56e690_0 .net *"_ivl_3", 0 0, L_0x5f7fcc5d23e0;  1 drivers
L_0x5f7fcc5d23e0 .delay 1 (2,2,2) L_0x5f7fcc5d23e0/d;
L_0x5f7fcc5d23e0/d .ufunc/vec4 TD_cla64_flat.calc_carry, 1, L_0x73d408a28eb8, L_0x5f7fcc5b8540, L_0x5f7fcc5b8990, o0x73d408a77708 (v0x5f7fcc55ec50_0, v0x5f7fcc55ef40_0, v0x5f7fcc55eb90_0, v0x5f7fcc55ead0_0) S_0x5f7fcc55e7f0;
S_0x5f7fcc56e770 .scope generate, "carry_gen[54]" "carry_gen[54]" 5 55, 5 55 0, S_0x5f7fcc4a30e0;
 .timescale 0 0;
P_0x5f7fcc56e970 .param/l "k" 0 5 55, +C4<0110110>;
L_0x73d408a28f00 .functor BUFT 1, C4<00000000000000000000000000110110>, C4<0>, C4<0>, C4<0>;
v0x5f7fcc56ea30_0 .net/2s *"_ivl_0", 31 0, L_0x73d408a28f00;  1 drivers
v0x5f7fcc56eb30_0 .net *"_ivl_3", 0 0, L_0x5f7fcc5d2570;  1 drivers
L_0x5f7fcc5d2570 .delay 1 (2,2,2) L_0x5f7fcc5d2570/d;
L_0x5f7fcc5d2570/d .ufunc/vec4 TD_cla64_flat.calc_carry, 1, L_0x73d408a28f00, L_0x5f7fcc5b8540, L_0x5f7fcc5b8990, o0x73d408a77708 (v0x5f7fcc55ec50_0, v0x5f7fcc55ef40_0, v0x5f7fcc55eb90_0, v0x5f7fcc55ead0_0) S_0x5f7fcc55e7f0;
S_0x5f7fcc56ec10 .scope generate, "carry_gen[55]" "carry_gen[55]" 5 55, 5 55 0, S_0x5f7fcc4a30e0;
 .timescale 0 0;
P_0x5f7fcc56ee10 .param/l "k" 0 5 55, +C4<0110111>;
L_0x73d408a28f48 .functor BUFT 1, C4<00000000000000000000000000110111>, C4<0>, C4<0>, C4<0>;
v0x5f7fcc56eed0_0 .net/2s *"_ivl_0", 31 0, L_0x73d408a28f48;  1 drivers
v0x5f7fcc56efd0_0 .net *"_ivl_3", 0 0, L_0x5f7fcc5d2700;  1 drivers
L_0x5f7fcc5d2700 .delay 1 (2,2,2) L_0x5f7fcc5d2700/d;
L_0x5f7fcc5d2700/d .ufunc/vec4 TD_cla64_flat.calc_carry, 1, L_0x73d408a28f48, L_0x5f7fcc5b8540, L_0x5f7fcc5b8990, o0x73d408a77708 (v0x5f7fcc55ec50_0, v0x5f7fcc55ef40_0, v0x5f7fcc55eb90_0, v0x5f7fcc55ead0_0) S_0x5f7fcc55e7f0;
S_0x5f7fcc56f0b0 .scope generate, "carry_gen[56]" "carry_gen[56]" 5 55, 5 55 0, S_0x5f7fcc4a30e0;
 .timescale 0 0;
P_0x5f7fcc56f2b0 .param/l "k" 0 5 55, +C4<0111000>;
L_0x73d408a28f90 .functor BUFT 1, C4<00000000000000000000000000111000>, C4<0>, C4<0>, C4<0>;
v0x5f7fcc56f370_0 .net/2s *"_ivl_0", 31 0, L_0x73d408a28f90;  1 drivers
v0x5f7fcc56f470_0 .net *"_ivl_3", 0 0, L_0x5f7fcc5d2890;  1 drivers
L_0x5f7fcc5d2890 .delay 1 (2,2,2) L_0x5f7fcc5d2890/d;
L_0x5f7fcc5d2890/d .ufunc/vec4 TD_cla64_flat.calc_carry, 1, L_0x73d408a28f90, L_0x5f7fcc5b8540, L_0x5f7fcc5b8990, o0x73d408a77708 (v0x5f7fcc55ec50_0, v0x5f7fcc55ef40_0, v0x5f7fcc55eb90_0, v0x5f7fcc55ead0_0) S_0x5f7fcc55e7f0;
S_0x5f7fcc56f550 .scope generate, "carry_gen[57]" "carry_gen[57]" 5 55, 5 55 0, S_0x5f7fcc4a30e0;
 .timescale 0 0;
P_0x5f7fcc56f750 .param/l "k" 0 5 55, +C4<0111001>;
L_0x73d408a28fd8 .functor BUFT 1, C4<00000000000000000000000000111001>, C4<0>, C4<0>, C4<0>;
v0x5f7fcc56f810_0 .net/2s *"_ivl_0", 31 0, L_0x73d408a28fd8;  1 drivers
v0x5f7fcc56f910_0 .net *"_ivl_3", 0 0, L_0x5f7fcc5d2a20;  1 drivers
L_0x5f7fcc5d2a20 .delay 1 (2,2,2) L_0x5f7fcc5d2a20/d;
L_0x5f7fcc5d2a20/d .ufunc/vec4 TD_cla64_flat.calc_carry, 1, L_0x73d408a28fd8, L_0x5f7fcc5b8540, L_0x5f7fcc5b8990, o0x73d408a77708 (v0x5f7fcc55ec50_0, v0x5f7fcc55ef40_0, v0x5f7fcc55eb90_0, v0x5f7fcc55ead0_0) S_0x5f7fcc55e7f0;
S_0x5f7fcc56f9f0 .scope generate, "carry_gen[58]" "carry_gen[58]" 5 55, 5 55 0, S_0x5f7fcc4a30e0;
 .timescale 0 0;
P_0x5f7fcc56fbf0 .param/l "k" 0 5 55, +C4<0111010>;
L_0x73d408a29020 .functor BUFT 1, C4<00000000000000000000000000111010>, C4<0>, C4<0>, C4<0>;
v0x5f7fcc56fcb0_0 .net/2s *"_ivl_0", 31 0, L_0x73d408a29020;  1 drivers
v0x5f7fcc56fdb0_0 .net *"_ivl_3", 0 0, L_0x5f7fcc5d2bb0;  1 drivers
L_0x5f7fcc5d2bb0 .delay 1 (2,2,2) L_0x5f7fcc5d2bb0/d;
L_0x5f7fcc5d2bb0/d .ufunc/vec4 TD_cla64_flat.calc_carry, 1, L_0x73d408a29020, L_0x5f7fcc5b8540, L_0x5f7fcc5b8990, o0x73d408a77708 (v0x5f7fcc55ec50_0, v0x5f7fcc55ef40_0, v0x5f7fcc55eb90_0, v0x5f7fcc55ead0_0) S_0x5f7fcc55e7f0;
S_0x5f7fcc56fe90 .scope generate, "carry_gen[59]" "carry_gen[59]" 5 55, 5 55 0, S_0x5f7fcc4a30e0;
 .timescale 0 0;
P_0x5f7fcc570090 .param/l "k" 0 5 55, +C4<0111011>;
L_0x73d408a29068 .functor BUFT 1, C4<00000000000000000000000000111011>, C4<0>, C4<0>, C4<0>;
v0x5f7fcc570150_0 .net/2s *"_ivl_0", 31 0, L_0x73d408a29068;  1 drivers
v0x5f7fcc570250_0 .net *"_ivl_3", 0 0, L_0x5f7fcc5d2d40;  1 drivers
L_0x5f7fcc5d2d40 .delay 1 (2,2,2) L_0x5f7fcc5d2d40/d;
L_0x5f7fcc5d2d40/d .ufunc/vec4 TD_cla64_flat.calc_carry, 1, L_0x73d408a29068, L_0x5f7fcc5b8540, L_0x5f7fcc5b8990, o0x73d408a77708 (v0x5f7fcc55ec50_0, v0x5f7fcc55ef40_0, v0x5f7fcc55eb90_0, v0x5f7fcc55ead0_0) S_0x5f7fcc55e7f0;
S_0x5f7fcc570330 .scope generate, "carry_gen[60]" "carry_gen[60]" 5 55, 5 55 0, S_0x5f7fcc4a30e0;
 .timescale 0 0;
P_0x5f7fcc570530 .param/l "k" 0 5 55, +C4<0111100>;
L_0x73d408a290b0 .functor BUFT 1, C4<00000000000000000000000000111100>, C4<0>, C4<0>, C4<0>;
v0x5f7fcc5705f0_0 .net/2s *"_ivl_0", 31 0, L_0x73d408a290b0;  1 drivers
v0x5f7fcc5706f0_0 .net *"_ivl_3", 0 0, L_0x5f7fcc5d2ed0;  1 drivers
L_0x5f7fcc5d2ed0 .delay 1 (2,2,2) L_0x5f7fcc5d2ed0/d;
L_0x5f7fcc5d2ed0/d .ufunc/vec4 TD_cla64_flat.calc_carry, 1, L_0x73d408a290b0, L_0x5f7fcc5b8540, L_0x5f7fcc5b8990, o0x73d408a77708 (v0x5f7fcc55ec50_0, v0x5f7fcc55ef40_0, v0x5f7fcc55eb90_0, v0x5f7fcc55ead0_0) S_0x5f7fcc55e7f0;
S_0x5f7fcc5707d0 .scope generate, "carry_gen[61]" "carry_gen[61]" 5 55, 5 55 0, S_0x5f7fcc4a30e0;
 .timescale 0 0;
P_0x5f7fcc5709d0 .param/l "k" 0 5 55, +C4<0111101>;
L_0x73d408a290f8 .functor BUFT 1, C4<00000000000000000000000000111101>, C4<0>, C4<0>, C4<0>;
v0x5f7fcc570a90_0 .net/2s *"_ivl_0", 31 0, L_0x73d408a290f8;  1 drivers
v0x5f7fcc570b90_0 .net *"_ivl_3", 0 0, L_0x5f7fcc5d3060;  1 drivers
L_0x5f7fcc5d3060 .delay 1 (2,2,2) L_0x5f7fcc5d3060/d;
L_0x5f7fcc5d3060/d .ufunc/vec4 TD_cla64_flat.calc_carry, 1, L_0x73d408a290f8, L_0x5f7fcc5b8540, L_0x5f7fcc5b8990, o0x73d408a77708 (v0x5f7fcc55ec50_0, v0x5f7fcc55ef40_0, v0x5f7fcc55eb90_0, v0x5f7fcc55ead0_0) S_0x5f7fcc55e7f0;
S_0x5f7fcc570c70 .scope generate, "carry_gen[62]" "carry_gen[62]" 5 55, 5 55 0, S_0x5f7fcc4a30e0;
 .timescale 0 0;
P_0x5f7fcc570e70 .param/l "k" 0 5 55, +C4<0111110>;
L_0x73d408a29140 .functor BUFT 1, C4<00000000000000000000000000111110>, C4<0>, C4<0>, C4<0>;
v0x5f7fcc570f30_0 .net/2s *"_ivl_0", 31 0, L_0x73d408a29140;  1 drivers
v0x5f7fcc571030_0 .net *"_ivl_3", 0 0, L_0x5f7fcc5d31f0;  1 drivers
L_0x5f7fcc5d31f0 .delay 1 (2,2,2) L_0x5f7fcc5d31f0/d;
L_0x5f7fcc5d31f0/d .ufunc/vec4 TD_cla64_flat.calc_carry, 1, L_0x73d408a29140, L_0x5f7fcc5b8540, L_0x5f7fcc5b8990, o0x73d408a77708 (v0x5f7fcc55ec50_0, v0x5f7fcc55ef40_0, v0x5f7fcc55eb90_0, v0x5f7fcc55ead0_0) S_0x5f7fcc55e7f0;
S_0x5f7fcc571110 .scope generate, "carry_gen[63]" "carry_gen[63]" 5 55, 5 55 0, S_0x5f7fcc4a30e0;
 .timescale 0 0;
P_0x5f7fcc571310 .param/l "k" 0 5 55, +C4<0111111>;
L_0x73d408a29188 .functor BUFT 1, C4<00000000000000000000000000111111>, C4<0>, C4<0>, C4<0>;
v0x5f7fcc5713d0_0 .net/2s *"_ivl_0", 31 0, L_0x73d408a29188;  1 drivers
v0x5f7fcc5714d0_0 .net *"_ivl_3", 0 0, L_0x5f7fcc5d3380;  1 drivers
L_0x5f7fcc5d3380 .delay 1 (2,2,2) L_0x5f7fcc5d3380/d;
L_0x5f7fcc5d3380/d .ufunc/vec4 TD_cla64_flat.calc_carry, 1, L_0x73d408a29188, L_0x5f7fcc5b8540, L_0x5f7fcc5b8990, o0x73d408a77708 (v0x5f7fcc55ec50_0, v0x5f7fcc55ef40_0, v0x5f7fcc55eb90_0, v0x5f7fcc55ead0_0) S_0x5f7fcc55e7f0;
S_0x5f7fcc5715b0 .scope generate, "carry_gen[64]" "carry_gen[64]" 5 55, 5 55 0, S_0x5f7fcc4a30e0;
 .timescale 0 0;
P_0x5f7fcc571bc0 .param/l "k" 0 5 55, +C4<01000000>;
L_0x73d408a291d0 .functor BUFT 1, C4<00000000000000000000000001000000>, C4<0>, C4<0>, C4<0>;
v0x5f7fcc571c80_0 .net/2s *"_ivl_0", 31 0, L_0x73d408a291d0;  1 drivers
v0x5f7fcc571d80_0 .net *"_ivl_3", 0 0, L_0x5f7fcc5d5980;  1 drivers
L_0x5f7fcc5d5980 .delay 1 (2,2,2) L_0x5f7fcc5d5980/d;
L_0x5f7fcc5d5980/d .ufunc/vec4 TD_cla64_flat.calc_carry, 1, L_0x73d408a291d0, L_0x5f7fcc5b8540, L_0x5f7fcc5b8990, o0x73d408a77708 (v0x5f7fcc55ec50_0, v0x5f7fcc55ef40_0, v0x5f7fcc55eb90_0, v0x5f7fcc55ead0_0) S_0x5f7fcc55e7f0;
S_0x5f7fcc571e60 .scope generate, "gen_pg[0]" "gen_pg[0]" 5 20, 5 20 0, S_0x5f7fcc4a30e0;
 .timescale 0 0;
P_0x5f7fcc572060 .param/l "i" 0 5 20, +C4<00>;
L_0x5f7fcc596160/d .functor XOR 1, L_0x5f7fcc596270, L_0x5f7fcc596360, C4<0>, C4<0>;
L_0x5f7fcc596160 .delay 1 (2,2,2) L_0x5f7fcc596160/d;
L_0x5f7fcc596450/d .functor AND 1, L_0x5f7fcc5965c0, L_0x5f7fcc596700, C4<1>, C4<1>;
L_0x5f7fcc596450 .delay 1 (2,2,2) L_0x5f7fcc596450/d;
v0x5f7fcc572140_0 .net *"_ivl_1", 0 0, L_0x5f7fcc596270;  1 drivers
v0x5f7fcc572220_0 .net *"_ivl_2", 0 0, L_0x5f7fcc596360;  1 drivers
v0x5f7fcc572300_0 .net *"_ivl_4", 0 0, L_0x5f7fcc5965c0;  1 drivers
v0x5f7fcc5723c0_0 .net *"_ivl_5", 0 0, L_0x5f7fcc596700;  1 drivers
S_0x5f7fcc5724a0 .scope generate, "gen_pg[1]" "gen_pg[1]" 5 20, 5 20 0, S_0x5f7fcc4a30e0;
 .timescale 0 0;
P_0x5f7fcc5726a0 .param/l "i" 0 5 20, +C4<01>;
L_0x5f7fcc596870/d .functor XOR 1, L_0x5f7fcc596980, L_0x5f7fcc596a70, C4<0>, C4<0>;
L_0x5f7fcc596870 .delay 1 (2,2,2) L_0x5f7fcc596870/d;
L_0x5f7fcc596ba0/d .functor AND 1, L_0x5f7fcc596cb0, L_0x5f7fcc596da0, C4<1>, C4<1>;
L_0x5f7fcc596ba0 .delay 1 (2,2,2) L_0x5f7fcc596ba0/d;
v0x5f7fcc572780_0 .net *"_ivl_1", 0 0, L_0x5f7fcc596980;  1 drivers
v0x5f7fcc572860_0 .net *"_ivl_2", 0 0, L_0x5f7fcc596a70;  1 drivers
v0x5f7fcc572940_0 .net *"_ivl_4", 0 0, L_0x5f7fcc596cb0;  1 drivers
v0x5f7fcc572a30_0 .net *"_ivl_5", 0 0, L_0x5f7fcc596da0;  1 drivers
S_0x5f7fcc572b10 .scope generate, "gen_pg[2]" "gen_pg[2]" 5 20, 5 20 0, S_0x5f7fcc4a30e0;
 .timescale 0 0;
P_0x5f7fcc572d10 .param/l "i" 0 5 20, +C4<010>;
L_0x5f7fcc596f20/d .functor XOR 1, L_0x5f7fcc596fe0, L_0x5f7fcc5970d0, C4<0>, C4<0>;
L_0x5f7fcc596f20 .delay 1 (2,2,2) L_0x5f7fcc596f20/d;
L_0x5f7fcc597220/d .functor AND 1, L_0x5f7fcc597310, L_0x5f7fcc597400, C4<1>, C4<1>;
L_0x5f7fcc597220 .delay 1 (2,2,2) L_0x5f7fcc597220/d;
v0x5f7fcc572df0_0 .net *"_ivl_1", 0 0, L_0x5f7fcc596fe0;  1 drivers
v0x5f7fcc572ed0_0 .net *"_ivl_2", 0 0, L_0x5f7fcc5970d0;  1 drivers
v0x5f7fcc572fb0_0 .net *"_ivl_4", 0 0, L_0x5f7fcc597310;  1 drivers
v0x5f7fcc5730a0_0 .net *"_ivl_5", 0 0, L_0x5f7fcc597400;  1 drivers
S_0x5f7fcc573180 .scope generate, "gen_pg[3]" "gen_pg[3]" 5 20, 5 20 0, S_0x5f7fcc4a30e0;
 .timescale 0 0;
P_0x5f7fcc573380 .param/l "i" 0 5 20, +C4<011>;
L_0x5f7fcc597560/d .functor XOR 1, L_0x5f7fcc5976a0, L_0x5f7fcc597790, C4<0>, C4<0>;
L_0x5f7fcc597560 .delay 1 (2,2,2) L_0x5f7fcc597560/d;
L_0x5f7fcc5974f0/d .functor AND 1, L_0x5f7fcc5979d0, L_0x5f7fcc597ac0, C4<1>, C4<1>;
L_0x5f7fcc5974f0 .delay 1 (2,2,2) L_0x5f7fcc5974f0/d;
v0x5f7fcc573460_0 .net *"_ivl_1", 0 0, L_0x5f7fcc5976a0;  1 drivers
v0x5f7fcc573540_0 .net *"_ivl_2", 0 0, L_0x5f7fcc597790;  1 drivers
v0x5f7fcc573620_0 .net *"_ivl_4", 0 0, L_0x5f7fcc5979d0;  1 drivers
v0x5f7fcc573710_0 .net *"_ivl_5", 0 0, L_0x5f7fcc597ac0;  1 drivers
S_0x5f7fcc5737f0 .scope generate, "gen_pg[4]" "gen_pg[4]" 5 20, 5 20 0, S_0x5f7fcc4a30e0;
 .timescale 0 0;
P_0x5f7fcc5739f0 .param/l "i" 0 5 20, +C4<0100>;
L_0x5f7fcc597c40/d .functor XOR 1, L_0x5f7fcc597e90, L_0x5f7fcc597f80, C4<0>, C4<0>;
L_0x5f7fcc597c40 .delay 1 (2,2,2) L_0x5f7fcc597c40/d;
L_0x5f7fcc598110/d .functor AND 1, L_0x5f7fcc598250, L_0x5f7fcc598340, C4<1>, C4<1>;
L_0x5f7fcc598110 .delay 1 (2,2,2) L_0x5f7fcc598110/d;
v0x5f7fcc573ad0_0 .net *"_ivl_1", 0 0, L_0x5f7fcc597e90;  1 drivers
v0x5f7fcc573bb0_0 .net *"_ivl_2", 0 0, L_0x5f7fcc597f80;  1 drivers
v0x5f7fcc573c90_0 .net *"_ivl_4", 0 0, L_0x5f7fcc598250;  1 drivers
v0x5f7fcc573d80_0 .net *"_ivl_5", 0 0, L_0x5f7fcc598340;  1 drivers
S_0x5f7fcc573e60 .scope generate, "gen_pg[5]" "gen_pg[5]" 5 20, 5 20 0, S_0x5f7fcc4a30e0;
 .timescale 0 0;
P_0x5f7fcc574060 .param/l "i" 0 5 20, +C4<0101>;
L_0x5f7fcc5984e0/d .functor XOR 1, L_0x5f7fcc598070, L_0x5f7fcc598670, C4<0>, C4<0>;
L_0x5f7fcc5984e0 .delay 1 (2,2,2) L_0x5f7fcc5984e0/d;
L_0x5f7fcc598820/d .functor AND 1, L_0x5f7fcc598960, L_0x5f7fcc598a50, C4<1>, C4<1>;
L_0x5f7fcc598820 .delay 1 (2,2,2) L_0x5f7fcc598820/d;
v0x5f7fcc574140_0 .net *"_ivl_1", 0 0, L_0x5f7fcc598070;  1 drivers
v0x5f7fcc574220_0 .net *"_ivl_2", 0 0, L_0x5f7fcc598670;  1 drivers
v0x5f7fcc574300_0 .net *"_ivl_4", 0 0, L_0x5f7fcc598960;  1 drivers
v0x5f7fcc5743f0_0 .net *"_ivl_5", 0 0, L_0x5f7fcc598a50;  1 drivers
S_0x5f7fcc5744d0 .scope generate, "gen_pg[6]" "gen_pg[6]" 5 20, 5 20 0, S_0x5f7fcc4a30e0;
 .timescale 0 0;
P_0x5f7fcc5746d0 .param/l "i" 0 5 20, +C4<0110>;
L_0x5f7fcc598c10/d .functor XOR 1, L_0x5f7fcc598d50, L_0x5f7fcc598e40, C4<0>, C4<0>;
L_0x5f7fcc598c10 .delay 1 (2,2,2) L_0x5f7fcc598c10/d;
L_0x5f7fcc599010/d .functor AND 1, L_0x5f7fcc599150, L_0x5f7fcc599240, C4<1>, C4<1>;
L_0x5f7fcc599010 .delay 1 (2,2,2) L_0x5f7fcc599010/d;
v0x5f7fcc5747b0_0 .net *"_ivl_1", 0 0, L_0x5f7fcc598d50;  1 drivers
v0x5f7fcc574890_0 .net *"_ivl_2", 0 0, L_0x5f7fcc598e40;  1 drivers
v0x5f7fcc574970_0 .net *"_ivl_4", 0 0, L_0x5f7fcc599150;  1 drivers
v0x5f7fcc574a60_0 .net *"_ivl_5", 0 0, L_0x5f7fcc599240;  1 drivers
S_0x5f7fcc574b40 .scope generate, "gen_pg[7]" "gen_pg[7]" 5 20, 5 20 0, S_0x5f7fcc4a30e0;
 .timescale 0 0;
P_0x5f7fcc574d40 .param/l "i" 0 5 20, +C4<0111>;
L_0x5f7fcc599420/d .functor XOR 1, L_0x5f7fcc599560, L_0x5f7fcc599650, C4<0>, C4<0>;
L_0x5f7fcc599420 .delay 1 (2,2,2) L_0x5f7fcc599420/d;
L_0x5f7fcc599840/d .functor AND 1, L_0x5f7fcc599980, L_0x5f7fcc599a70, C4<1>, C4<1>;
L_0x5f7fcc599840 .delay 1 (2,2,2) L_0x5f7fcc599840/d;
v0x5f7fcc574e20_0 .net *"_ivl_1", 0 0, L_0x5f7fcc599560;  1 drivers
v0x5f7fcc574f00_0 .net *"_ivl_2", 0 0, L_0x5f7fcc599650;  1 drivers
v0x5f7fcc574fe0_0 .net *"_ivl_4", 0 0, L_0x5f7fcc599980;  1 drivers
v0x5f7fcc5750d0_0 .net *"_ivl_5", 0 0, L_0x5f7fcc599a70;  1 drivers
S_0x5f7fcc5751b0 .scope generate, "gen_pg[8]" "gen_pg[8]" 5 20, 5 20 0, S_0x5f7fcc4a30e0;
 .timescale 0 0;
P_0x5f7fcc5753b0 .param/l "i" 0 5 20, +C4<01000>;
L_0x5f7fcc599e80/d .functor XOR 1, L_0x5f7fcc599fc0, L_0x5f7fcc59a0b0, C4<0>, C4<0>;
L_0x5f7fcc599e80 .delay 1 (2,2,2) L_0x5f7fcc599e80/d;
L_0x5f7fcc59a2c0/d .functor AND 1, L_0x5f7fcc59a400, L_0x5f7fcc59a4f0, C4<1>, C4<1>;
L_0x5f7fcc59a2c0 .delay 1 (2,2,2) L_0x5f7fcc59a2c0/d;
v0x5f7fcc575490_0 .net *"_ivl_1", 0 0, L_0x5f7fcc599fc0;  1 drivers
v0x5f7fcc575570_0 .net *"_ivl_2", 0 0, L_0x5f7fcc59a0b0;  1 drivers
v0x5f7fcc575650_0 .net *"_ivl_4", 0 0, L_0x5f7fcc59a400;  1 drivers
v0x5f7fcc575740_0 .net *"_ivl_5", 0 0, L_0x5f7fcc59a4f0;  1 drivers
S_0x5f7fcc575820 .scope generate, "gen_pg[9]" "gen_pg[9]" 5 20, 5 20 0, S_0x5f7fcc4a30e0;
 .timescale 0 0;
P_0x5f7fcc575a20 .param/l "i" 0 5 20, +C4<01001>;
L_0x5f7fcc59a1a0/d .functor XOR 1, L_0x5f7fcc59a760, L_0x5f7fcc59a850, C4<0>, C4<0>;
L_0x5f7fcc59a1a0 .delay 1 (2,2,2) L_0x5f7fcc59a1a0/d;
L_0x5f7fcc59aa80/d .functor AND 1, L_0x5f7fcc59ab90, L_0x5f7fcc59ac80, C4<1>, C4<1>;
L_0x5f7fcc59aa80 .delay 1 (2,2,2) L_0x5f7fcc59aa80/d;
v0x5f7fcc575b00_0 .net *"_ivl_1", 0 0, L_0x5f7fcc59a760;  1 drivers
v0x5f7fcc575be0_0 .net *"_ivl_2", 0 0, L_0x5f7fcc59a850;  1 drivers
v0x5f7fcc575cc0_0 .net *"_ivl_4", 0 0, L_0x5f7fcc59ab90;  1 drivers
v0x5f7fcc575db0_0 .net *"_ivl_5", 0 0, L_0x5f7fcc59ac80;  1 drivers
S_0x5f7fcc575e90 .scope generate, "gen_pg[10]" "gen_pg[10]" 5 20, 5 20 0, S_0x5f7fcc4a30e0;
 .timescale 0 0;
P_0x5f7fcc576090 .param/l "i" 0 5 20, +C4<01010>;
L_0x5f7fcc59aec0/d .functor XOR 1, L_0x5f7fcc59b000, L_0x5f7fcc59b0f0, C4<0>, C4<0>;
L_0x5f7fcc59aec0 .delay 1 (2,2,2) L_0x5f7fcc59aec0/d;
L_0x5f7fcc59b340/d .functor AND 1, L_0x5f7fcc59b480, L_0x5f7fcc59b570, C4<1>, C4<1>;
L_0x5f7fcc59b340 .delay 1 (2,2,2) L_0x5f7fcc59b340/d;
v0x5f7fcc576170_0 .net *"_ivl_1", 0 0, L_0x5f7fcc59b000;  1 drivers
v0x5f7fcc576250_0 .net *"_ivl_2", 0 0, L_0x5f7fcc59b0f0;  1 drivers
v0x5f7fcc576330_0 .net *"_ivl_4", 0 0, L_0x5f7fcc59b480;  1 drivers
v0x5f7fcc576420_0 .net *"_ivl_5", 0 0, L_0x5f7fcc59b570;  1 drivers
S_0x5f7fcc576500 .scope generate, "gen_pg[11]" "gen_pg[11]" 5 20, 5 20 0, S_0x5f7fcc4a30e0;
 .timescale 0 0;
P_0x5f7fcc576700 .param/l "i" 0 5 20, +C4<01011>;
L_0x5f7fcc59b7d0/d .functor XOR 1, L_0x5f7fcc59b910, L_0x5f7fcc59ba00, C4<0>, C4<0>;
L_0x5f7fcc59b7d0 .delay 1 (2,2,2) L_0x5f7fcc59b7d0/d;
L_0x5f7fcc59bc70/d .functor AND 1, L_0x5f7fcc59bdb0, L_0x5f7fcc59bea0, C4<1>, C4<1>;
L_0x5f7fcc59bc70 .delay 1 (2,2,2) L_0x5f7fcc59bc70/d;
v0x5f7fcc5767e0_0 .net *"_ivl_1", 0 0, L_0x5f7fcc59b910;  1 drivers
v0x5f7fcc5768c0_0 .net *"_ivl_2", 0 0, L_0x5f7fcc59ba00;  1 drivers
v0x5f7fcc5769a0_0 .net *"_ivl_4", 0 0, L_0x5f7fcc59bdb0;  1 drivers
v0x5f7fcc576a90_0 .net *"_ivl_5", 0 0, L_0x5f7fcc59bea0;  1 drivers
S_0x5f7fcc576b70 .scope generate, "gen_pg[12]" "gen_pg[12]" 5 20, 5 20 0, S_0x5f7fcc4a30e0;
 .timescale 0 0;
P_0x5f7fcc576d70 .param/l "i" 0 5 20, +C4<01100>;
L_0x5f7fcc59c120/d .functor XOR 1, L_0x5f7fcc59c260, L_0x5f7fcc59c350, C4<0>, C4<0>;
L_0x5f7fcc59c120 .delay 1 (2,2,2) L_0x5f7fcc59c120/d;
L_0x5f7fcc59c5e0/d .functor AND 1, L_0x5f7fcc59c720, L_0x5f7fcc59c810, C4<1>, C4<1>;
L_0x5f7fcc59c5e0 .delay 1 (2,2,2) L_0x5f7fcc59c5e0/d;
v0x5f7fcc576e50_0 .net *"_ivl_1", 0 0, L_0x5f7fcc59c260;  1 drivers
v0x5f7fcc576f30_0 .net *"_ivl_2", 0 0, L_0x5f7fcc59c350;  1 drivers
v0x5f7fcc577010_0 .net *"_ivl_4", 0 0, L_0x5f7fcc59c720;  1 drivers
v0x5f7fcc577100_0 .net *"_ivl_5", 0 0, L_0x5f7fcc59c810;  1 drivers
S_0x5f7fcc5771e0 .scope generate, "gen_pg[13]" "gen_pg[13]" 5 20, 5 20 0, S_0x5f7fcc4a30e0;
 .timescale 0 0;
P_0x5f7fcc5773e0 .param/l "i" 0 5 20, +C4<01101>;
L_0x5f7fcc59cab0/d .functor XOR 1, L_0x5f7fcc59cbf0, L_0x5f7fcc59cce0, C4<0>, C4<0>;
L_0x5f7fcc59cab0 .delay 1 (2,2,2) L_0x5f7fcc59cab0/d;
L_0x5f7fcc59cf90/d .functor AND 1, L_0x5f7fcc59d0d0, L_0x5f7fcc59d1c0, C4<1>, C4<1>;
L_0x5f7fcc59cf90 .delay 1 (2,2,2) L_0x5f7fcc59cf90/d;
v0x5f7fcc5774c0_0 .net *"_ivl_1", 0 0, L_0x5f7fcc59cbf0;  1 drivers
v0x5f7fcc5775a0_0 .net *"_ivl_2", 0 0, L_0x5f7fcc59cce0;  1 drivers
v0x5f7fcc577680_0 .net *"_ivl_4", 0 0, L_0x5f7fcc59d0d0;  1 drivers
v0x5f7fcc577770_0 .net *"_ivl_5", 0 0, L_0x5f7fcc59d1c0;  1 drivers
S_0x5f7fcc577850 .scope generate, "gen_pg[14]" "gen_pg[14]" 5 20, 5 20 0, S_0x5f7fcc4a30e0;
 .timescale 0 0;
P_0x5f7fcc577a50 .param/l "i" 0 5 20, +C4<01110>;
L_0x5f7fcc59d480/d .functor XOR 1, L_0x5f7fcc59d5c0, L_0x5f7fcc59d6b0, C4<0>, C4<0>;
L_0x5f7fcc59d480 .delay 1 (2,2,2) L_0x5f7fcc59d480/d;
L_0x5f7fcc59d980/d .functor AND 1, L_0x5f7fcc59dac0, L_0x5f7fcc59dbb0, C4<1>, C4<1>;
L_0x5f7fcc59d980 .delay 1 (2,2,2) L_0x5f7fcc59d980/d;
v0x5f7fcc577b30_0 .net *"_ivl_1", 0 0, L_0x5f7fcc59d5c0;  1 drivers
v0x5f7fcc577c10_0 .net *"_ivl_2", 0 0, L_0x5f7fcc59d6b0;  1 drivers
v0x5f7fcc577cf0_0 .net *"_ivl_4", 0 0, L_0x5f7fcc59dac0;  1 drivers
v0x5f7fcc577de0_0 .net *"_ivl_5", 0 0, L_0x5f7fcc59dbb0;  1 drivers
S_0x5f7fcc577ec0 .scope generate, "gen_pg[15]" "gen_pg[15]" 5 20, 5 20 0, S_0x5f7fcc4a30e0;
 .timescale 0 0;
P_0x5f7fcc5780c0 .param/l "i" 0 5 20, +C4<01111>;
L_0x5f7fcc59de90/d .functor XOR 1, L_0x5f7fcc59dfd0, L_0x5f7fcc59e0c0, C4<0>, C4<0>;
L_0x5f7fcc59de90 .delay 1 (2,2,2) L_0x5f7fcc59de90/d;
L_0x5f7fcc59e3b0/d .functor AND 1, L_0x5f7fcc59e4f0, L_0x5f7fcc59e5e0, C4<1>, C4<1>;
L_0x5f7fcc59e3b0 .delay 1 (2,2,2) L_0x5f7fcc59e3b0/d;
v0x5f7fcc5781a0_0 .net *"_ivl_1", 0 0, L_0x5f7fcc59dfd0;  1 drivers
v0x5f7fcc578280_0 .net *"_ivl_2", 0 0, L_0x5f7fcc59e0c0;  1 drivers
v0x5f7fcc578360_0 .net *"_ivl_4", 0 0, L_0x5f7fcc59e4f0;  1 drivers
v0x5f7fcc578450_0 .net *"_ivl_5", 0 0, L_0x5f7fcc59e5e0;  1 drivers
S_0x5f7fcc578530 .scope generate, "gen_pg[16]" "gen_pg[16]" 5 20, 5 20 0, S_0x5f7fcc4a30e0;
 .timescale 0 0;
P_0x5f7fcc578730 .param/l "i" 0 5 20, +C4<010000>;
L_0x5f7fcc59ecf0/d .functor XOR 1, L_0x5f7fcc59ee30, L_0x5f7fcc59ef20, C4<0>, C4<0>;
L_0x5f7fcc59ecf0 .delay 1 (2,2,2) L_0x5f7fcc59ecf0/d;
L_0x5f7fcc59f230/d .functor AND 1, L_0x5f7fcc59f370, L_0x5f7fcc59f460, C4<1>, C4<1>;
L_0x5f7fcc59f230 .delay 1 (2,2,2) L_0x5f7fcc59f230/d;
v0x5f7fcc578810_0 .net *"_ivl_1", 0 0, L_0x5f7fcc59ee30;  1 drivers
v0x5f7fcc5788f0_0 .net *"_ivl_2", 0 0, L_0x5f7fcc59ef20;  1 drivers
v0x5f7fcc5789d0_0 .net *"_ivl_4", 0 0, L_0x5f7fcc59f370;  1 drivers
v0x5f7fcc578ac0_0 .net *"_ivl_5", 0 0, L_0x5f7fcc59f460;  1 drivers
S_0x5f7fcc578ba0 .scope generate, "gen_pg[17]" "gen_pg[17]" 5 20, 5 20 0, S_0x5f7fcc4a30e0;
 .timescale 0 0;
P_0x5f7fcc578da0 .param/l "i" 0 5 20, +C4<010001>;
L_0x5f7fcc59f780/d .functor XOR 1, L_0x5f7fcc59f8c0, L_0x5f7fcc59f9b0, C4<0>, C4<0>;
L_0x5f7fcc59f780 .delay 1 (2,2,2) L_0x5f7fcc59f780/d;
L_0x5f7fcc59fce0/d .functor AND 1, L_0x5f7fcc59fe20, L_0x5f7fcc59ff10, C4<1>, C4<1>;
L_0x5f7fcc59fce0 .delay 1 (2,2,2) L_0x5f7fcc59fce0/d;
v0x5f7fcc578e80_0 .net *"_ivl_1", 0 0, L_0x5f7fcc59f8c0;  1 drivers
v0x5f7fcc578f60_0 .net *"_ivl_2", 0 0, L_0x5f7fcc59f9b0;  1 drivers
v0x5f7fcc579040_0 .net *"_ivl_4", 0 0, L_0x5f7fcc59fe20;  1 drivers
v0x5f7fcc579130_0 .net *"_ivl_5", 0 0, L_0x5f7fcc59ff10;  1 drivers
S_0x5f7fcc579210 .scope generate, "gen_pg[18]" "gen_pg[18]" 5 20, 5 20 0, S_0x5f7fcc4a30e0;
 .timescale 0 0;
P_0x5f7fcc579410 .param/l "i" 0 5 20, +C4<010010>;
L_0x5f7fcc5a0250/d .functor XOR 1, L_0x5f7fcc5a0390, L_0x5f7fcc5a0480, C4<0>, C4<0>;
L_0x5f7fcc5a0250 .delay 1 (2,2,2) L_0x5f7fcc5a0250/d;
L_0x5f7fcc5a07d0/d .functor AND 1, L_0x5f7fcc5a0910, L_0x5f7fcc5a0a00, C4<1>, C4<1>;
L_0x5f7fcc5a07d0 .delay 1 (2,2,2) L_0x5f7fcc5a07d0/d;
v0x5f7fcc5794f0_0 .net *"_ivl_1", 0 0, L_0x5f7fcc5a0390;  1 drivers
v0x5f7fcc5795d0_0 .net *"_ivl_2", 0 0, L_0x5f7fcc5a0480;  1 drivers
v0x5f7fcc5796b0_0 .net *"_ivl_4", 0 0, L_0x5f7fcc5a0910;  1 drivers
v0x5f7fcc5797a0_0 .net *"_ivl_5", 0 0, L_0x5f7fcc5a0a00;  1 drivers
S_0x5f7fcc579880 .scope generate, "gen_pg[19]" "gen_pg[19]" 5 20, 5 20 0, S_0x5f7fcc4a30e0;
 .timescale 0 0;
P_0x5f7fcc579a80 .param/l "i" 0 5 20, +C4<010011>;
L_0x5f7fcc5a0d60/d .functor XOR 1, L_0x5f7fcc5a0ea0, L_0x5f7fcc5a0f90, C4<0>, C4<0>;
L_0x5f7fcc5a0d60 .delay 1 (2,2,2) L_0x5f7fcc5a0d60/d;
L_0x5f7fcc5a1300/d .functor AND 1, L_0x5f7fcc5a1440, L_0x5f7fcc5a1530, C4<1>, C4<1>;
L_0x5f7fcc5a1300 .delay 1 (2,2,2) L_0x5f7fcc5a1300/d;
v0x5f7fcc579b60_0 .net *"_ivl_1", 0 0, L_0x5f7fcc5a0ea0;  1 drivers
v0x5f7fcc579c40_0 .net *"_ivl_2", 0 0, L_0x5f7fcc5a0f90;  1 drivers
v0x5f7fcc579d20_0 .net *"_ivl_4", 0 0, L_0x5f7fcc5a1440;  1 drivers
v0x5f7fcc579e10_0 .net *"_ivl_5", 0 0, L_0x5f7fcc5a1530;  1 drivers
S_0x5f7fcc579ef0 .scope generate, "gen_pg[20]" "gen_pg[20]" 5 20, 5 20 0, S_0x5f7fcc4a30e0;
 .timescale 0 0;
P_0x5f7fcc57a0f0 .param/l "i" 0 5 20, +C4<010100>;
L_0x5f7fcc5a18b0/d .functor XOR 1, L_0x5f7fcc5a19f0, L_0x5f7fcc5a1ae0, C4<0>, C4<0>;
L_0x5f7fcc5a18b0 .delay 1 (2,2,2) L_0x5f7fcc5a18b0/d;
L_0x5f7fcc5a1e70/d .functor AND 1, L_0x5f7fcc5a1fb0, L_0x5f7fcc5a20a0, C4<1>, C4<1>;
L_0x5f7fcc5a1e70 .delay 1 (2,2,2) L_0x5f7fcc5a1e70/d;
v0x5f7fcc57a1d0_0 .net *"_ivl_1", 0 0, L_0x5f7fcc5a19f0;  1 drivers
v0x5f7fcc57a2b0_0 .net *"_ivl_2", 0 0, L_0x5f7fcc5a1ae0;  1 drivers
v0x5f7fcc57a390_0 .net *"_ivl_4", 0 0, L_0x5f7fcc5a1fb0;  1 drivers
v0x5f7fcc57a480_0 .net *"_ivl_5", 0 0, L_0x5f7fcc5a20a0;  1 drivers
S_0x5f7fcc57a560 .scope generate, "gen_pg[21]" "gen_pg[21]" 5 20, 5 20 0, S_0x5f7fcc4a30e0;
 .timescale 0 0;
P_0x5f7fcc57a760 .param/l "i" 0 5 20, +C4<010101>;
L_0x5f7fcc5a2440/d .functor XOR 1, L_0x5f7fcc5a2580, L_0x5f7fcc5a2670, C4<0>, C4<0>;
L_0x5f7fcc5a2440 .delay 1 (2,2,2) L_0x5f7fcc5a2440/d;
L_0x5f7fcc5a2a20/d .functor AND 1, L_0x5f7fcc5a2b60, L_0x5f7fcc5a2c50, C4<1>, C4<1>;
L_0x5f7fcc5a2a20 .delay 1 (2,2,2) L_0x5f7fcc5a2a20/d;
v0x5f7fcc57a840_0 .net *"_ivl_1", 0 0, L_0x5f7fcc5a2580;  1 drivers
v0x5f7fcc57a920_0 .net *"_ivl_2", 0 0, L_0x5f7fcc5a2670;  1 drivers
v0x5f7fcc57aa00_0 .net *"_ivl_4", 0 0, L_0x5f7fcc5a2b60;  1 drivers
v0x5f7fcc57aaf0_0 .net *"_ivl_5", 0 0, L_0x5f7fcc5a2c50;  1 drivers
S_0x5f7fcc57abd0 .scope generate, "gen_pg[22]" "gen_pg[22]" 5 20, 5 20 0, S_0x5f7fcc4a30e0;
 .timescale 0 0;
P_0x5f7fcc57add0 .param/l "i" 0 5 20, +C4<010110>;
L_0x5f7fcc5a3010/d .functor XOR 1, L_0x5f7fcc5a3150, L_0x5f7fcc5a3240, C4<0>, C4<0>;
L_0x5f7fcc5a3010 .delay 1 (2,2,2) L_0x5f7fcc5a3010/d;
L_0x5f7fcc5a3610/d .functor AND 1, L_0x5f7fcc5a3750, L_0x5f7fcc5a3840, C4<1>, C4<1>;
L_0x5f7fcc5a3610 .delay 1 (2,2,2) L_0x5f7fcc5a3610/d;
v0x5f7fcc57aeb0_0 .net *"_ivl_1", 0 0, L_0x5f7fcc5a3150;  1 drivers
v0x5f7fcc57af90_0 .net *"_ivl_2", 0 0, L_0x5f7fcc5a3240;  1 drivers
v0x5f7fcc57b070_0 .net *"_ivl_4", 0 0, L_0x5f7fcc5a3750;  1 drivers
v0x5f7fcc57b160_0 .net *"_ivl_5", 0 0, L_0x5f7fcc5a3840;  1 drivers
S_0x5f7fcc57b240 .scope generate, "gen_pg[23]" "gen_pg[23]" 5 20, 5 20 0, S_0x5f7fcc4a30e0;
 .timescale 0 0;
P_0x5f7fcc57b440 .param/l "i" 0 5 20, +C4<010111>;
L_0x5f7fcc5a3c20/d .functor XOR 1, L_0x5f7fcc5a3d60, L_0x5f7fcc5a3e50, C4<0>, C4<0>;
L_0x5f7fcc5a3c20 .delay 1 (2,2,2) L_0x5f7fcc5a3c20/d;
L_0x5f7fcc5a4240/d .functor AND 1, L_0x5f7fcc5a4380, L_0x5f7fcc5a4470, C4<1>, C4<1>;
L_0x5f7fcc5a4240 .delay 1 (2,2,2) L_0x5f7fcc5a4240/d;
v0x5f7fcc57b520_0 .net *"_ivl_1", 0 0, L_0x5f7fcc5a3d60;  1 drivers
v0x5f7fcc57b600_0 .net *"_ivl_2", 0 0, L_0x5f7fcc5a3e50;  1 drivers
v0x5f7fcc57b6e0_0 .net *"_ivl_4", 0 0, L_0x5f7fcc5a4380;  1 drivers
v0x5f7fcc57b7d0_0 .net *"_ivl_5", 0 0, L_0x5f7fcc5a4470;  1 drivers
S_0x5f7fcc57b8b0 .scope generate, "gen_pg[24]" "gen_pg[24]" 5 20, 5 20 0, S_0x5f7fcc4a30e0;
 .timescale 0 0;
P_0x5f7fcc57bab0 .param/l "i" 0 5 20, +C4<011000>;
L_0x5f7fcc5a4870/d .functor XOR 1, L_0x5f7fcc5a49b0, L_0x5f7fcc5a4aa0, C4<0>, C4<0>;
L_0x5f7fcc5a4870 .delay 1 (2,2,2) L_0x5f7fcc5a4870/d;
L_0x5f7fcc5a4eb0/d .functor AND 1, L_0x5f7fcc5a4ff0, L_0x5f7fcc5a50e0, C4<1>, C4<1>;
L_0x5f7fcc5a4eb0 .delay 1 (2,2,2) L_0x5f7fcc5a4eb0/d;
v0x5f7fcc57bb90_0 .net *"_ivl_1", 0 0, L_0x5f7fcc5a49b0;  1 drivers
v0x5f7fcc57bc70_0 .net *"_ivl_2", 0 0, L_0x5f7fcc5a4aa0;  1 drivers
v0x5f7fcc57bd50_0 .net *"_ivl_4", 0 0, L_0x5f7fcc5a4ff0;  1 drivers
v0x5f7fcc57be40_0 .net *"_ivl_5", 0 0, L_0x5f7fcc5a50e0;  1 drivers
S_0x5f7fcc57bf20 .scope generate, "gen_pg[25]" "gen_pg[25]" 5 20, 5 20 0, S_0x5f7fcc4a30e0;
 .timescale 0 0;
P_0x5f7fcc57c120 .param/l "i" 0 5 20, +C4<011001>;
L_0x5f7fcc5a5500/d .functor XOR 1, L_0x5f7fcc5a5640, L_0x5f7fcc5a5730, C4<0>, C4<0>;
L_0x5f7fcc5a5500 .delay 1 (2,2,2) L_0x5f7fcc5a5500/d;
L_0x5f7fcc5a5b60/d .functor AND 1, L_0x5f7fcc5a5ca0, L_0x5f7fcc5a5d90, C4<1>, C4<1>;
L_0x5f7fcc5a5b60 .delay 1 (2,2,2) L_0x5f7fcc5a5b60/d;
v0x5f7fcc57c200_0 .net *"_ivl_1", 0 0, L_0x5f7fcc5a5640;  1 drivers
v0x5f7fcc57c2e0_0 .net *"_ivl_2", 0 0, L_0x5f7fcc5a5730;  1 drivers
v0x5f7fcc57c3c0_0 .net *"_ivl_4", 0 0, L_0x5f7fcc5a5ca0;  1 drivers
v0x5f7fcc57c4b0_0 .net *"_ivl_5", 0 0, L_0x5f7fcc5a5d90;  1 drivers
S_0x5f7fcc57c590 .scope generate, "gen_pg[26]" "gen_pg[26]" 5 20, 5 20 0, S_0x5f7fcc4a30e0;
 .timescale 0 0;
P_0x5f7fcc57c790 .param/l "i" 0 5 20, +C4<011010>;
L_0x5f7fcc5a61d0/d .functor XOR 1, L_0x5f7fcc5a6310, L_0x5f7fcc5a6400, C4<0>, C4<0>;
L_0x5f7fcc5a61d0 .delay 1 (2,2,2) L_0x5f7fcc5a61d0/d;
L_0x5f7fcc5a6850/d .functor AND 1, L_0x5f7fcc5a6990, L_0x5f7fcc5a6a80, C4<1>, C4<1>;
L_0x5f7fcc5a6850 .delay 1 (2,2,2) L_0x5f7fcc5a6850/d;
v0x5f7fcc57c870_0 .net *"_ivl_1", 0 0, L_0x5f7fcc5a6310;  1 drivers
v0x5f7fcc57c950_0 .net *"_ivl_2", 0 0, L_0x5f7fcc5a6400;  1 drivers
v0x5f7fcc57ca30_0 .net *"_ivl_4", 0 0, L_0x5f7fcc5a6990;  1 drivers
v0x5f7fcc57cb20_0 .net *"_ivl_5", 0 0, L_0x5f7fcc5a6a80;  1 drivers
S_0x5f7fcc57cc00 .scope generate, "gen_pg[27]" "gen_pg[27]" 5 20, 5 20 0, S_0x5f7fcc4a30e0;
 .timescale 0 0;
P_0x5f7fcc57ce00 .param/l "i" 0 5 20, +C4<011011>;
L_0x5f7fcc5a6ee0/d .functor XOR 1, L_0x5f7fcc5a7020, L_0x5f7fcc5a7110, C4<0>, C4<0>;
L_0x5f7fcc5a6ee0 .delay 1 (2,2,2) L_0x5f7fcc5a6ee0/d;
L_0x5f7fcc5a7580/d .functor AND 1, L_0x5f7fcc5a76c0, L_0x5f7fcc5a77b0, C4<1>, C4<1>;
L_0x5f7fcc5a7580 .delay 1 (2,2,2) L_0x5f7fcc5a7580/d;
v0x5f7fcc57cee0_0 .net *"_ivl_1", 0 0, L_0x5f7fcc5a7020;  1 drivers
v0x5f7fcc57cfc0_0 .net *"_ivl_2", 0 0, L_0x5f7fcc5a7110;  1 drivers
v0x5f7fcc57d0a0_0 .net *"_ivl_4", 0 0, L_0x5f7fcc5a76c0;  1 drivers
v0x5f7fcc57d190_0 .net *"_ivl_5", 0 0, L_0x5f7fcc5a77b0;  1 drivers
S_0x5f7fcc57d270 .scope generate, "gen_pg[28]" "gen_pg[28]" 5 20, 5 20 0, S_0x5f7fcc4a30e0;
 .timescale 0 0;
P_0x5f7fcc57d470 .param/l "i" 0 5 20, +C4<011100>;
L_0x5f7fcc5a7c30/d .functor XOR 1, L_0x5f7fcc5a7d70, L_0x5f7fcc5a7e60, C4<0>, C4<0>;
L_0x5f7fcc5a7c30 .delay 1 (2,2,2) L_0x5f7fcc5a7c30/d;
L_0x5f7fcc5a82f0/d .functor AND 1, L_0x5f7fcc5a8430, L_0x5f7fcc5a8520, C4<1>, C4<1>;
L_0x5f7fcc5a82f0 .delay 1 (2,2,2) L_0x5f7fcc5a82f0/d;
v0x5f7fcc57d550_0 .net *"_ivl_1", 0 0, L_0x5f7fcc5a7d70;  1 drivers
v0x5f7fcc57d630_0 .net *"_ivl_2", 0 0, L_0x5f7fcc5a7e60;  1 drivers
v0x5f7fcc57d710_0 .net *"_ivl_4", 0 0, L_0x5f7fcc5a8430;  1 drivers
v0x5f7fcc57d800_0 .net *"_ivl_5", 0 0, L_0x5f7fcc5a8520;  1 drivers
S_0x5f7fcc57d8e0 .scope generate, "gen_pg[29]" "gen_pg[29]" 5 20, 5 20 0, S_0x5f7fcc4a30e0;
 .timescale 0 0;
P_0x5f7fcc57dae0 .param/l "i" 0 5 20, +C4<011101>;
L_0x5f7fcc5a89c0/d .functor XOR 1, L_0x5f7fcc5a8b00, L_0x5f7fcc5a8bf0, C4<0>, C4<0>;
L_0x5f7fcc5a89c0 .delay 1 (2,2,2) L_0x5f7fcc5a89c0/d;
L_0x5f7fcc5a90a0/d .functor AND 1, L_0x5f7fcc5a91e0, L_0x5f7fcc5a92d0, C4<1>, C4<1>;
L_0x5f7fcc5a90a0 .delay 1 (2,2,2) L_0x5f7fcc5a90a0/d;
v0x5f7fcc57dbc0_0 .net *"_ivl_1", 0 0, L_0x5f7fcc5a8b00;  1 drivers
v0x5f7fcc57dca0_0 .net *"_ivl_2", 0 0, L_0x5f7fcc5a8bf0;  1 drivers
v0x5f7fcc57dd80_0 .net *"_ivl_4", 0 0, L_0x5f7fcc5a91e0;  1 drivers
v0x5f7fcc57de70_0 .net *"_ivl_5", 0 0, L_0x5f7fcc5a92d0;  1 drivers
S_0x5f7fcc57df50 .scope generate, "gen_pg[30]" "gen_pg[30]" 5 20, 5 20 0, S_0x5f7fcc4a30e0;
 .timescale 0 0;
P_0x5f7fcc57e150 .param/l "i" 0 5 20, +C4<011110>;
L_0x5f7fcc5a9790/d .functor XOR 1, L_0x5f7fcc5a98d0, L_0x5f7fcc5a99c0, C4<0>, C4<0>;
L_0x5f7fcc5a9790 .delay 1 (2,2,2) L_0x5f7fcc5a9790/d;
L_0x5f7fcc5a9e90/d .functor AND 1, L_0x5f7fcc5a9fd0, L_0x5f7fcc5aa0c0, C4<1>, C4<1>;
L_0x5f7fcc5a9e90 .delay 1 (2,2,2) L_0x5f7fcc5a9e90/d;
v0x5f7fcc57e230_0 .net *"_ivl_1", 0 0, L_0x5f7fcc5a98d0;  1 drivers
v0x5f7fcc57e310_0 .net *"_ivl_2", 0 0, L_0x5f7fcc5a99c0;  1 drivers
v0x5f7fcc57e3f0_0 .net *"_ivl_4", 0 0, L_0x5f7fcc5a9fd0;  1 drivers
v0x5f7fcc57e4e0_0 .net *"_ivl_5", 0 0, L_0x5f7fcc5aa0c0;  1 drivers
S_0x5f7fcc57e5c0 .scope generate, "gen_pg[31]" "gen_pg[31]" 5 20, 5 20 0, S_0x5f7fcc4a30e0;
 .timescale 0 0;
P_0x5f7fcc57e7c0 .param/l "i" 0 5 20, +C4<011111>;
L_0x5f7fcc5aa5a0/d .functor XOR 1, L_0x5f7fcc5aa6e0, L_0x5f7fcc5aa7d0, C4<0>, C4<0>;
L_0x5f7fcc5aa5a0 .delay 1 (2,2,2) L_0x5f7fcc5aa5a0/d;
L_0x5f7fcc5aacc0/d .functor AND 1, L_0x5f7fcc5aae00, L_0x5f7fcc5ab700, C4<1>, C4<1>;
L_0x5f7fcc5aacc0 .delay 1 (2,2,2) L_0x5f7fcc5aacc0/d;
v0x5f7fcc57e8a0_0 .net *"_ivl_1", 0 0, L_0x5f7fcc5aa6e0;  1 drivers
v0x5f7fcc57e980_0 .net *"_ivl_2", 0 0, L_0x5f7fcc5aa7d0;  1 drivers
v0x5f7fcc57ea60_0 .net *"_ivl_4", 0 0, L_0x5f7fcc5aae00;  1 drivers
v0x5f7fcc57eb50_0 .net *"_ivl_5", 0 0, L_0x5f7fcc5ab700;  1 drivers
S_0x5f7fcc57ec30 .scope generate, "gen_pg[32]" "gen_pg[32]" 5 20, 5 20 0, S_0x5f7fcc4a30e0;
 .timescale 0 0;
P_0x5f7fcc57ee30 .param/l "i" 0 5 20, +C4<0100000>;
L_0x5f7fcc5ac410/d .functor XOR 1, L_0x5f7fcc5ac550, L_0x5f7fcc5ac640, C4<0>, C4<0>;
L_0x5f7fcc5ac410 .delay 1 (2,2,2) L_0x5f7fcc5ac410/d;
L_0x5f7fcc5acb50/d .functor AND 1, L_0x5f7fcc5acc90, L_0x5f7fcc5acd80, C4<1>, C4<1>;
L_0x5f7fcc5acb50 .delay 1 (2,2,2) L_0x5f7fcc5acb50/d;
v0x5f7fcc57ef20_0 .net *"_ivl_1", 0 0, L_0x5f7fcc5ac550;  1 drivers
v0x5f7fcc57f020_0 .net *"_ivl_2", 0 0, L_0x5f7fcc5ac640;  1 drivers
v0x5f7fcc57f100_0 .net *"_ivl_4", 0 0, L_0x5f7fcc5acc90;  1 drivers
v0x5f7fcc57f1c0_0 .net *"_ivl_5", 0 0, L_0x5f7fcc5acd80;  1 drivers
S_0x5f7fcc57f2a0 .scope generate, "gen_pg[33]" "gen_pg[33]" 5 20, 5 20 0, S_0x5f7fcc4a30e0;
 .timescale 0 0;
P_0x5f7fcc57f4a0 .param/l "i" 0 5 20, +C4<0100001>;
L_0x5f7fcc5ac730/d .functor XOR 1, L_0x5f7fcc5ac870, L_0x5f7fcc5ac960, C4<0>, C4<0>;
L_0x5f7fcc5ac730 .delay 1 (2,2,2) L_0x5f7fcc5ac730/d;
L_0x5f7fcc5aca50/d .functor AND 1, L_0x5f7fcc5ad300, L_0x5f7fcc5ad3f0, C4<1>, C4<1>;
L_0x5f7fcc5aca50 .delay 1 (2,2,2) L_0x5f7fcc5aca50/d;
v0x5f7fcc57f590_0 .net *"_ivl_1", 0 0, L_0x5f7fcc5ac870;  1 drivers
v0x5f7fcc57f690_0 .net *"_ivl_2", 0 0, L_0x5f7fcc5ac960;  1 drivers
v0x5f7fcc57f770_0 .net *"_ivl_4", 0 0, L_0x5f7fcc5ad300;  1 drivers
v0x5f7fcc57f830_0 .net *"_ivl_5", 0 0, L_0x5f7fcc5ad3f0;  1 drivers
S_0x5f7fcc57f910 .scope generate, "gen_pg[34]" "gen_pg[34]" 5 20, 5 20 0, S_0x5f7fcc4a30e0;
 .timescale 0 0;
P_0x5f7fcc57fb10 .param/l "i" 0 5 20, +C4<0100010>;
L_0x5f7fcc5ace70/d .functor XOR 1, L_0x5f7fcc5acfb0, L_0x5f7fcc5ad0a0, C4<0>, C4<0>;
L_0x5f7fcc5ace70 .delay 1 (2,2,2) L_0x5f7fcc5ace70/d;
L_0x5f7fcc5ad190/d .functor AND 1, L_0x5f7fcc5ad990, L_0x5f7fcc5ada80, C4<1>, C4<1>;
L_0x5f7fcc5ad190 .delay 1 (2,2,2) L_0x5f7fcc5ad190/d;
v0x5f7fcc57fc00_0 .net *"_ivl_1", 0 0, L_0x5f7fcc5acfb0;  1 drivers
v0x5f7fcc57fd00_0 .net *"_ivl_2", 0 0, L_0x5f7fcc5ad0a0;  1 drivers
v0x5f7fcc57fde0_0 .net *"_ivl_4", 0 0, L_0x5f7fcc5ad990;  1 drivers
v0x5f7fcc57fea0_0 .net *"_ivl_5", 0 0, L_0x5f7fcc5ada80;  1 drivers
S_0x5f7fcc57ff80 .scope generate, "gen_pg[35]" "gen_pg[35]" 5 20, 5 20 0, S_0x5f7fcc4a30e0;
 .timescale 0 0;
P_0x5f7fcc580180 .param/l "i" 0 5 20, +C4<0100011>;
L_0x5f7fcc5ad4e0/d .functor XOR 1, L_0x5f7fcc5ad5f0, L_0x5f7fcc5ad6e0, C4<0>, C4<0>;
L_0x5f7fcc5ad4e0 .delay 1 (2,2,2) L_0x5f7fcc5ad4e0/d;
L_0x5f7fcc5ad7d0/d .functor AND 1, L_0x5f7fcc5adff0, L_0x5f7fcc5ae0e0, C4<1>, C4<1>;
L_0x5f7fcc5ad7d0 .delay 1 (2,2,2) L_0x5f7fcc5ad7d0/d;
v0x5f7fcc580270_0 .net *"_ivl_1", 0 0, L_0x5f7fcc5ad5f0;  1 drivers
v0x5f7fcc580370_0 .net *"_ivl_2", 0 0, L_0x5f7fcc5ad6e0;  1 drivers
v0x5f7fcc580450_0 .net *"_ivl_4", 0 0, L_0x5f7fcc5adff0;  1 drivers
v0x5f7fcc580510_0 .net *"_ivl_5", 0 0, L_0x5f7fcc5ae0e0;  1 drivers
S_0x5f7fcc5805f0 .scope generate, "gen_pg[36]" "gen_pg[36]" 5 20, 5 20 0, S_0x5f7fcc4a30e0;
 .timescale 0 0;
P_0x5f7fcc5807f0 .param/l "i" 0 5 20, +C4<0100100>;
L_0x5f7fcc5adb70/d .functor XOR 1, L_0x5f7fcc5adc80, L_0x5f7fcc5add70, C4<0>, C4<0>;
L_0x5f7fcc5adb70 .delay 1 (2,2,2) L_0x5f7fcc5adb70/d;
L_0x5f7fcc5ade60/d .functor AND 1, L_0x5f7fcc5ae670, L_0x5f7fcc5ae710, C4<1>, C4<1>;
L_0x5f7fcc5ade60 .delay 1 (2,2,2) L_0x5f7fcc5ade60/d;
v0x5f7fcc5808e0_0 .net *"_ivl_1", 0 0, L_0x5f7fcc5adc80;  1 drivers
v0x5f7fcc5809e0_0 .net *"_ivl_2", 0 0, L_0x5f7fcc5add70;  1 drivers
v0x5f7fcc580ac0_0 .net *"_ivl_4", 0 0, L_0x5f7fcc5ae670;  1 drivers
v0x5f7fcc580b80_0 .net *"_ivl_5", 0 0, L_0x5f7fcc5ae710;  1 drivers
S_0x5f7fcc580c60 .scope generate, "gen_pg[37]" "gen_pg[37]" 5 20, 5 20 0, S_0x5f7fcc4a30e0;
 .timescale 0 0;
P_0x5f7fcc580e60 .param/l "i" 0 5 20, +C4<0100101>;
L_0x5f7fcc5ae1d0/d .functor XOR 1, L_0x5f7fcc5ae310, L_0x5f7fcc5ae400, C4<0>, C4<0>;
L_0x5f7fcc5ae1d0 .delay 1 (2,2,2) L_0x5f7fcc5ae1d0/d;
L_0x5f7fcc5ae4f0/d .functor AND 1, L_0x5f7fcc5aecc0, L_0x5f7fcc5aedb0, C4<1>, C4<1>;
L_0x5f7fcc5ae4f0 .delay 1 (2,2,2) L_0x5f7fcc5ae4f0/d;
v0x5f7fcc580f50_0 .net *"_ivl_1", 0 0, L_0x5f7fcc5ae310;  1 drivers
v0x5f7fcc581050_0 .net *"_ivl_2", 0 0, L_0x5f7fcc5ae400;  1 drivers
v0x5f7fcc581130_0 .net *"_ivl_4", 0 0, L_0x5f7fcc5aecc0;  1 drivers
v0x5f7fcc5811f0_0 .net *"_ivl_5", 0 0, L_0x5f7fcc5aedb0;  1 drivers
S_0x5f7fcc5812d0 .scope generate, "gen_pg[38]" "gen_pg[38]" 5 20, 5 20 0, S_0x5f7fcc4a30e0;
 .timescale 0 0;
P_0x5f7fcc5814d0 .param/l "i" 0 5 20, +C4<0100110>;
L_0x5f7fcc5ae800/d .functor XOR 1, L_0x5f7fcc5ae940, L_0x5f7fcc5aea30, C4<0>, C4<0>;
L_0x5f7fcc5ae800 .delay 1 (2,2,2) L_0x5f7fcc5ae800/d;
L_0x5f7fcc5aeb20/d .functor AND 1, L_0x5f7fcc5af380, L_0x5f7fcc5af420, C4<1>, C4<1>;
L_0x5f7fcc5aeb20 .delay 1 (2,2,2) L_0x5f7fcc5aeb20/d;
v0x5f7fcc5815c0_0 .net *"_ivl_1", 0 0, L_0x5f7fcc5ae940;  1 drivers
v0x5f7fcc5816c0_0 .net *"_ivl_2", 0 0, L_0x5f7fcc5aea30;  1 drivers
v0x5f7fcc5817a0_0 .net *"_ivl_4", 0 0, L_0x5f7fcc5af380;  1 drivers
v0x5f7fcc581860_0 .net *"_ivl_5", 0 0, L_0x5f7fcc5af420;  1 drivers
S_0x5f7fcc581940 .scope generate, "gen_pg[39]" "gen_pg[39]" 5 20, 5 20 0, S_0x5f7fcc4a30e0;
 .timescale 0 0;
P_0x5f7fcc581b40 .param/l "i" 0 5 20, +C4<0100111>;
L_0x5f7fcc5aeea0/d .functor XOR 1, L_0x5f7fcc5aefe0, L_0x5f7fcc5af0d0, C4<0>, C4<0>;
L_0x5f7fcc5aeea0 .delay 1 (2,2,2) L_0x5f7fcc5aeea0/d;
L_0x5f7fcc5af1c0/d .functor AND 1, L_0x5f7fcc5afa10, L_0x5f7fcc5afab0, C4<1>, C4<1>;
L_0x5f7fcc5af1c0 .delay 1 (2,2,2) L_0x5f7fcc5af1c0/d;
v0x5f7fcc581c30_0 .net *"_ivl_1", 0 0, L_0x5f7fcc5aefe0;  1 drivers
v0x5f7fcc581d30_0 .net *"_ivl_2", 0 0, L_0x5f7fcc5af0d0;  1 drivers
v0x5f7fcc581e10_0 .net *"_ivl_4", 0 0, L_0x5f7fcc5afa10;  1 drivers
v0x5f7fcc581ed0_0 .net *"_ivl_5", 0 0, L_0x5f7fcc5afab0;  1 drivers
S_0x5f7fcc581fb0 .scope generate, "gen_pg[40]" "gen_pg[40]" 5 20, 5 20 0, S_0x5f7fcc4a30e0;
 .timescale 0 0;
P_0x5f7fcc5821b0 .param/l "i" 0 5 20, +C4<0101000>;
L_0x5f7fcc5af510/d .functor XOR 1, L_0x5f7fcc5af620, L_0x5f7fcc5af710, C4<0>, C4<0>;
L_0x5f7fcc5af510 .delay 1 (2,2,2) L_0x5f7fcc5af510/d;
L_0x5f7fcc5af800/d .functor AND 1, L_0x5f7fcc5af940, L_0x5f7fcc5b0110, C4<1>, C4<1>;
L_0x5f7fcc5af800 .delay 1 (2,2,2) L_0x5f7fcc5af800/d;
v0x5f7fcc5822a0_0 .net *"_ivl_1", 0 0, L_0x5f7fcc5af620;  1 drivers
v0x5f7fcc5823a0_0 .net *"_ivl_2", 0 0, L_0x5f7fcc5af710;  1 drivers
v0x5f7fcc582480_0 .net *"_ivl_4", 0 0, L_0x5f7fcc5af940;  1 drivers
v0x5f7fcc582540_0 .net *"_ivl_5", 0 0, L_0x5f7fcc5b0110;  1 drivers
S_0x5f7fcc582620 .scope generate, "gen_pg[41]" "gen_pg[41]" 5 20, 5 20 0, S_0x5f7fcc4a30e0;
 .timescale 0 0;
P_0x5f7fcc582820 .param/l "i" 0 5 20, +C4<0101001>;
L_0x5f7fcc5afba0/d .functor XOR 1, L_0x5f7fcc5afcb0, L_0x5f7fcc5afda0, C4<0>, C4<0>;
L_0x5f7fcc5afba0 .delay 1 (2,2,2) L_0x5f7fcc5afba0/d;
L_0x5f7fcc5afe90/d .functor AND 1, L_0x5f7fcc5affd0, L_0x5f7fcc5b0740, C4<1>, C4<1>;
L_0x5f7fcc5afe90 .delay 1 (2,2,2) L_0x5f7fcc5afe90/d;
v0x5f7fcc582910_0 .net *"_ivl_1", 0 0, L_0x5f7fcc5afcb0;  1 drivers
v0x5f7fcc582a10_0 .net *"_ivl_2", 0 0, L_0x5f7fcc5afda0;  1 drivers
v0x5f7fcc582af0_0 .net *"_ivl_4", 0 0, L_0x5f7fcc5affd0;  1 drivers
v0x5f7fcc582bb0_0 .net *"_ivl_5", 0 0, L_0x5f7fcc5b0740;  1 drivers
S_0x5f7fcc582c90 .scope generate, "gen_pg[42]" "gen_pg[42]" 5 20, 5 20 0, S_0x5f7fcc4a30e0;
 .timescale 0 0;
P_0x5f7fcc582e90 .param/l "i" 0 5 20, +C4<0101010>;
L_0x5f7fcc5b0200/d .functor XOR 1, L_0x5f7fcc5b0340, L_0x5f7fcc5b0430, C4<0>, C4<0>;
L_0x5f7fcc5b0200 .delay 1 (2,2,2) L_0x5f7fcc5b0200/d;
L_0x5f7fcc5b0520/d .functor AND 1, L_0x5f7fcc5b0660, L_0x5f7fcc5b0de0, C4<1>, C4<1>;
L_0x5f7fcc5b0520 .delay 1 (2,2,2) L_0x5f7fcc5b0520/d;
v0x5f7fcc582f80_0 .net *"_ivl_1", 0 0, L_0x5f7fcc5b0340;  1 drivers
v0x5f7fcc583080_0 .net *"_ivl_2", 0 0, L_0x5f7fcc5b0430;  1 drivers
v0x5f7fcc583160_0 .net *"_ivl_4", 0 0, L_0x5f7fcc5b0660;  1 drivers
v0x5f7fcc583220_0 .net *"_ivl_5", 0 0, L_0x5f7fcc5b0de0;  1 drivers
S_0x5f7fcc583300 .scope generate, "gen_pg[43]" "gen_pg[43]" 5 20, 5 20 0, S_0x5f7fcc4a30e0;
 .timescale 0 0;
P_0x5f7fcc583500 .param/l "i" 0 5 20, +C4<0101011>;
L_0x5f7fcc5b0830/d .functor XOR 1, L_0x5f7fcc5b0970, L_0x5f7fcc5b0a60, C4<0>, C4<0>;
L_0x5f7fcc5b0830 .delay 1 (2,2,2) L_0x5f7fcc5b0830/d;
L_0x5f7fcc5b0b50/d .functor AND 1, L_0x5f7fcc5b0c90, L_0x5f7fcc5b1450, C4<1>, C4<1>;
L_0x5f7fcc5b0b50 .delay 1 (2,2,2) L_0x5f7fcc5b0b50/d;
v0x5f7fcc5835f0_0 .net *"_ivl_1", 0 0, L_0x5f7fcc5b0970;  1 drivers
v0x5f7fcc5836f0_0 .net *"_ivl_2", 0 0, L_0x5f7fcc5b0a60;  1 drivers
v0x5f7fcc5837d0_0 .net *"_ivl_4", 0 0, L_0x5f7fcc5b0c90;  1 drivers
v0x5f7fcc583890_0 .net *"_ivl_5", 0 0, L_0x5f7fcc5b1450;  1 drivers
S_0x5f7fcc583970 .scope generate, "gen_pg[44]" "gen_pg[44]" 5 20, 5 20 0, S_0x5f7fcc4a30e0;
 .timescale 0 0;
P_0x5f7fcc583b70 .param/l "i" 0 5 20, +C4<0101100>;
L_0x5f7fcc5b0ed0/d .functor XOR 1, L_0x5f7fcc5b1010, L_0x5f7fcc5b1100, C4<0>, C4<0>;
L_0x5f7fcc5b0ed0 .delay 1 (2,2,2) L_0x5f7fcc5b0ed0/d;
L_0x5f7fcc5b11f0/d .functor AND 1, L_0x5f7fcc5b1330, L_0x5f7fcc5b1ae0, C4<1>, C4<1>;
L_0x5f7fcc5b11f0 .delay 1 (2,2,2) L_0x5f7fcc5b11f0/d;
v0x5f7fcc583c60_0 .net *"_ivl_1", 0 0, L_0x5f7fcc5b1010;  1 drivers
v0x5f7fcc583d60_0 .net *"_ivl_2", 0 0, L_0x5f7fcc5b1100;  1 drivers
v0x5f7fcc583e40_0 .net *"_ivl_4", 0 0, L_0x5f7fcc5b1330;  1 drivers
v0x5f7fcc583f00_0 .net *"_ivl_5", 0 0, L_0x5f7fcc5b1ae0;  1 drivers
S_0x5f7fcc583fe0 .scope generate, "gen_pg[45]" "gen_pg[45]" 5 20, 5 20 0, S_0x5f7fcc4a30e0;
 .timescale 0 0;
P_0x5f7fcc5841e0 .param/l "i" 0 5 20, +C4<0101101>;
L_0x5f7fcc5b1540/d .functor XOR 1, L_0x5f7fcc5b1650, L_0x5f7fcc5b1740, C4<0>, C4<0>;
L_0x5f7fcc5b1540 .delay 1 (2,2,2) L_0x5f7fcc5b1540/d;
L_0x5f7fcc5b1830/d .functor AND 1, L_0x5f7fcc5b1970, L_0x5f7fcc5b2190, C4<1>, C4<1>;
L_0x5f7fcc5b1830 .delay 1 (2,2,2) L_0x5f7fcc5b1830/d;
v0x5f7fcc5842d0_0 .net *"_ivl_1", 0 0, L_0x5f7fcc5b1650;  1 drivers
v0x5f7fcc5843d0_0 .net *"_ivl_2", 0 0, L_0x5f7fcc5b1740;  1 drivers
v0x5f7fcc5844b0_0 .net *"_ivl_4", 0 0, L_0x5f7fcc5b1970;  1 drivers
v0x5f7fcc584570_0 .net *"_ivl_5", 0 0, L_0x5f7fcc5b2190;  1 drivers
S_0x5f7fcc584650 .scope generate, "gen_pg[46]" "gen_pg[46]" 5 20, 5 20 0, S_0x5f7fcc4a30e0;
 .timescale 0 0;
P_0x5f7fcc584850 .param/l "i" 0 5 20, +C4<0101110>;
L_0x5f7fcc5b1bd0/d .functor XOR 1, L_0x5f7fcc5b1ce0, L_0x5f7fcc5b1dd0, C4<0>, C4<0>;
L_0x5f7fcc5b1bd0 .delay 1 (2,2,2) L_0x5f7fcc5b1bd0/d;
L_0x5f7fcc5b1ec0/d .functor AND 1, L_0x5f7fcc5b2000, L_0x5f7fcc5b20f0, C4<1>, C4<1>;
L_0x5f7fcc5b1ec0 .delay 1 (2,2,2) L_0x5f7fcc5b1ec0/d;
v0x5f7fcc584940_0 .net *"_ivl_1", 0 0, L_0x5f7fcc5b1ce0;  1 drivers
v0x5f7fcc584a40_0 .net *"_ivl_2", 0 0, L_0x5f7fcc5b1dd0;  1 drivers
v0x5f7fcc584b20_0 .net *"_ivl_4", 0 0, L_0x5f7fcc5b2000;  1 drivers
v0x5f7fcc584be0_0 .net *"_ivl_5", 0 0, L_0x5f7fcc5b20f0;  1 drivers
S_0x5f7fcc584cc0 .scope generate, "gen_pg[47]" "gen_pg[47]" 5 20, 5 20 0, S_0x5f7fcc4a30e0;
 .timescale 0 0;
P_0x5f7fcc584ec0 .param/l "i" 0 5 20, +C4<0101111>;
L_0x5f7fcc5b2230/d .functor XOR 1, L_0x5f7fcc5b2370, L_0x5f7fcc5b2460, C4<0>, C4<0>;
L_0x5f7fcc5b2230 .delay 1 (2,2,2) L_0x5f7fcc5b2230/d;
L_0x5f7fcc5b2550/d .functor AND 1, L_0x5f7fcc5b2690, L_0x5f7fcc5b2e60, C4<1>, C4<1>;
L_0x5f7fcc5b2550 .delay 1 (2,2,2) L_0x5f7fcc5b2550/d;
v0x5f7fcc584fb0_0 .net *"_ivl_1", 0 0, L_0x5f7fcc5b2370;  1 drivers
v0x5f7fcc5850b0_0 .net *"_ivl_2", 0 0, L_0x5f7fcc5b2460;  1 drivers
v0x5f7fcc585190_0 .net *"_ivl_4", 0 0, L_0x5f7fcc5b2690;  1 drivers
v0x5f7fcc585250_0 .net *"_ivl_5", 0 0, L_0x5f7fcc5b2e60;  1 drivers
S_0x5f7fcc585330 .scope generate, "gen_pg[48]" "gen_pg[48]" 5 20, 5 20 0, S_0x5f7fcc4a30e0;
 .timescale 0 0;
P_0x5f7fcc585530 .param/l "i" 0 5 20, +C4<0110000>;
L_0x5f7fcc5b2860/d .functor XOR 1, L_0x5f7fcc5b29a0, L_0x5f7fcc5b2a90, C4<0>, C4<0>;
L_0x5f7fcc5b2860 .delay 1 (2,2,2) L_0x5f7fcc5b2860/d;
L_0x5f7fcc5b2b80/d .functor AND 1, L_0x5f7fcc5b2cc0, L_0x5f7fcc5b2db0, C4<1>, C4<1>;
L_0x5f7fcc5b2b80 .delay 1 (2,2,2) L_0x5f7fcc5b2b80/d;
v0x5f7fcc585620_0 .net *"_ivl_1", 0 0, L_0x5f7fcc5b29a0;  1 drivers
v0x5f7fcc585720_0 .net *"_ivl_2", 0 0, L_0x5f7fcc5b2a90;  1 drivers
v0x5f7fcc585800_0 .net *"_ivl_4", 0 0, L_0x5f7fcc5b2cc0;  1 drivers
v0x5f7fcc5858c0_0 .net *"_ivl_5", 0 0, L_0x5f7fcc5b2db0;  1 drivers
S_0x5f7fcc5859a0 .scope generate, "gen_pg[49]" "gen_pg[49]" 5 20, 5 20 0, S_0x5f7fcc4a30e0;
 .timescale 0 0;
P_0x5f7fcc585ba0 .param/l "i" 0 5 20, +C4<0110001>;
L_0x5f7fcc5b2f00/d .functor XOR 1, L_0x5f7fcc5b3040, L_0x5f7fcc5b3130, C4<0>, C4<0>;
L_0x5f7fcc5b2f00 .delay 1 (2,2,2) L_0x5f7fcc5b2f00/d;
L_0x5f7fcc5b3220/d .functor AND 1, L_0x5f7fcc5b3360, L_0x5f7fcc5b3450, C4<1>, C4<1>;
L_0x5f7fcc5b3220 .delay 1 (2,2,2) L_0x5f7fcc5b3220/d;
v0x5f7fcc585c90_0 .net *"_ivl_1", 0 0, L_0x5f7fcc5b3040;  1 drivers
v0x5f7fcc585d90_0 .net *"_ivl_2", 0 0, L_0x5f7fcc5b3130;  1 drivers
v0x5f7fcc585e70_0 .net *"_ivl_4", 0 0, L_0x5f7fcc5b3360;  1 drivers
v0x5f7fcc585f30_0 .net *"_ivl_5", 0 0, L_0x5f7fcc5b3450;  1 drivers
S_0x5f7fcc586010 .scope generate, "gen_pg[50]" "gen_pg[50]" 5 20, 5 20 0, S_0x5f7fcc4a30e0;
 .timescale 0 0;
P_0x5f7fcc586210 .param/l "i" 0 5 20, +C4<0110010>;
L_0x5f7fcc5b3570/d .functor XOR 1, L_0x5f7fcc5b3680, L_0x5f7fcc5b3770, C4<0>, C4<0>;
L_0x5f7fcc5b3570 .delay 1 (2,2,2) L_0x5f7fcc5b3570/d;
L_0x5f7fcc5b3860/d .functor AND 1, L_0x5f7fcc5b39a0, L_0x5f7fcc5b3a90, C4<1>, C4<1>;
L_0x5f7fcc5b3860 .delay 1 (2,2,2) L_0x5f7fcc5b3860/d;
v0x5f7fcc586300_0 .net *"_ivl_1", 0 0, L_0x5f7fcc5b3680;  1 drivers
v0x5f7fcc586400_0 .net *"_ivl_2", 0 0, L_0x5f7fcc5b3770;  1 drivers
v0x5f7fcc5864e0_0 .net *"_ivl_4", 0 0, L_0x5f7fcc5b39a0;  1 drivers
v0x5f7fcc5865a0_0 .net *"_ivl_5", 0 0, L_0x5f7fcc5b3a90;  1 drivers
S_0x5f7fcc586680 .scope generate, "gen_pg[51]" "gen_pg[51]" 5 20, 5 20 0, S_0x5f7fcc4a30e0;
 .timescale 0 0;
P_0x5f7fcc586880 .param/l "i" 0 5 20, +C4<0110011>;
L_0x5f7fcc5b4270/d .functor XOR 1, L_0x5f7fcc5b4380, L_0x5f7fcc5b4470, C4<0>, C4<0>;
L_0x5f7fcc5b4270 .delay 1 (2,2,2) L_0x5f7fcc5b4270/d;
L_0x5f7fcc5b3c00/d .functor AND 1, L_0x5f7fcc5b3d40, L_0x5f7fcc5b3e30, C4<1>, C4<1>;
L_0x5f7fcc5b3c00 .delay 1 (2,2,2) L_0x5f7fcc5b3c00/d;
v0x5f7fcc586970_0 .net *"_ivl_1", 0 0, L_0x5f7fcc5b4380;  1 drivers
v0x5f7fcc586a70_0 .net *"_ivl_2", 0 0, L_0x5f7fcc5b4470;  1 drivers
v0x5f7fcc586b50_0 .net *"_ivl_4", 0 0, L_0x5f7fcc5b3d40;  1 drivers
v0x5f7fcc586c10_0 .net *"_ivl_5", 0 0, L_0x5f7fcc5b3e30;  1 drivers
S_0x5f7fcc586cf0 .scope generate, "gen_pg[52]" "gen_pg[52]" 5 20, 5 20 0, S_0x5f7fcc4a30e0;
 .timescale 0 0;
P_0x5f7fcc586ef0 .param/l "i" 0 5 20, +C4<0110100>;
L_0x5f7fcc5b3f20/d .functor XOR 1, L_0x5f7fcc5b4060, L_0x5f7fcc5b4150, C4<0>, C4<0>;
L_0x5f7fcc5b3f20 .delay 1 (2,2,2) L_0x5f7fcc5b3f20/d;
L_0x5f7fcc5b4c00/d .functor AND 1, L_0x5f7fcc5b4d10, L_0x5f7fcc5b4e00, C4<1>, C4<1>;
L_0x5f7fcc5b4c00 .delay 1 (2,2,2) L_0x5f7fcc5b4c00/d;
v0x5f7fcc586fe0_0 .net *"_ivl_1", 0 0, L_0x5f7fcc5b4060;  1 drivers
v0x5f7fcc5870e0_0 .net *"_ivl_2", 0 0, L_0x5f7fcc5b4150;  1 drivers
v0x5f7fcc5871c0_0 .net *"_ivl_4", 0 0, L_0x5f7fcc5b4d10;  1 drivers
v0x5f7fcc587280_0 .net *"_ivl_5", 0 0, L_0x5f7fcc5b4e00;  1 drivers
S_0x5f7fcc587360 .scope generate, "gen_pg[53]" "gen_pg[53]" 5 20, 5 20 0, S_0x5f7fcc4a30e0;
 .timescale 0 0;
P_0x5f7fcc587560 .param/l "i" 0 5 20, +C4<0110101>;
L_0x5f7fcc5b4560/d .functor XOR 1, L_0x5f7fcc5b46a0, L_0x5f7fcc5b4790, C4<0>, C4<0>;
L_0x5f7fcc5b4560 .delay 1 (2,2,2) L_0x5f7fcc5b4560/d;
L_0x5f7fcc5b4880/d .functor AND 1, L_0x5f7fcc5b49c0, L_0x5f7fcc5b4ab0, C4<1>, C4<1>;
L_0x5f7fcc5b4880 .delay 1 (2,2,2) L_0x5f7fcc5b4880/d;
v0x5f7fcc587650_0 .net *"_ivl_1", 0 0, L_0x5f7fcc5b46a0;  1 drivers
v0x5f7fcc587750_0 .net *"_ivl_2", 0 0, L_0x5f7fcc5b4790;  1 drivers
v0x5f7fcc587830_0 .net *"_ivl_4", 0 0, L_0x5f7fcc5b49c0;  1 drivers
v0x5f7fcc5878f0_0 .net *"_ivl_5", 0 0, L_0x5f7fcc5b4ab0;  1 drivers
S_0x5f7fcc5879d0 .scope generate, "gen_pg[54]" "gen_pg[54]" 5 20, 5 20 0, S_0x5f7fcc4a30e0;
 .timescale 0 0;
P_0x5f7fcc587bd0 .param/l "i" 0 5 20, +C4<0110110>;
L_0x5f7fcc5b55c0/d .functor XOR 1, L_0x5f7fcc5b5680, L_0x5f7fcc5b5770, C4<0>, C4<0>;
L_0x5f7fcc5b55c0 .delay 1 (2,2,2) L_0x5f7fcc5b55c0/d;
L_0x5f7fcc5b4ef0/d .functor AND 1, L_0x5f7fcc5b5060, L_0x5f7fcc5b5150, C4<1>, C4<1>;
L_0x5f7fcc5b4ef0 .delay 1 (2,2,2) L_0x5f7fcc5b4ef0/d;
v0x5f7fcc587cc0_0 .net *"_ivl_1", 0 0, L_0x5f7fcc5b5680;  1 drivers
v0x5f7fcc587dc0_0 .net *"_ivl_2", 0 0, L_0x5f7fcc5b5770;  1 drivers
v0x5f7fcc587ea0_0 .net *"_ivl_4", 0 0, L_0x5f7fcc5b5060;  1 drivers
v0x5f7fcc587f60_0 .net *"_ivl_5", 0 0, L_0x5f7fcc5b5150;  1 drivers
S_0x5f7fcc588040 .scope generate, "gen_pg[55]" "gen_pg[55]" 5 20, 5 20 0, S_0x5f7fcc4a30e0;
 .timescale 0 0;
P_0x5f7fcc588240 .param/l "i" 0 5 20, +C4<0110111>;
L_0x5f7fcc5b5240/d .functor XOR 1, L_0x5f7fcc5b5380, L_0x5f7fcc5b5470, C4<0>, C4<0>;
L_0x5f7fcc5b5240 .delay 1 (2,2,2) L_0x5f7fcc5b5240/d;
L_0x5f7fcc5b5f60/d .functor AND 1, L_0x5f7fcc5b6020, L_0x5f7fcc5b6110, C4<1>, C4<1>;
L_0x5f7fcc5b5f60 .delay 1 (2,2,2) L_0x5f7fcc5b5f60/d;
v0x5f7fcc588330_0 .net *"_ivl_1", 0 0, L_0x5f7fcc5b5380;  1 drivers
v0x5f7fcc588430_0 .net *"_ivl_2", 0 0, L_0x5f7fcc5b5470;  1 drivers
v0x5f7fcc588510_0 .net *"_ivl_4", 0 0, L_0x5f7fcc5b6020;  1 drivers
v0x5f7fcc5885d0_0 .net *"_ivl_5", 0 0, L_0x5f7fcc5b6110;  1 drivers
S_0x5f7fcc5886b0 .scope generate, "gen_pg[56]" "gen_pg[56]" 5 20, 5 20 0, S_0x5f7fcc4a30e0;
 .timescale 0 0;
P_0x5f7fcc5888b0 .param/l "i" 0 5 20, +C4<0111000>;
L_0x5f7fcc5b5860/d .functor XOR 1, L_0x5f7fcc5b59d0, L_0x5f7fcc5b5ac0, C4<0>, C4<0>;
L_0x5f7fcc5b5860 .delay 1 (2,2,2) L_0x5f7fcc5b5860/d;
L_0x5f7fcc5b5bb0/d .functor AND 1, L_0x5f7fcc5b5cf0, L_0x5f7fcc5b5de0, C4<1>, C4<1>;
L_0x5f7fcc5b5bb0 .delay 1 (2,2,2) L_0x5f7fcc5b5bb0/d;
v0x5f7fcc5889a0_0 .net *"_ivl_1", 0 0, L_0x5f7fcc5b59d0;  1 drivers
v0x5f7fcc588aa0_0 .net *"_ivl_2", 0 0, L_0x5f7fcc5b5ac0;  1 drivers
v0x5f7fcc588b80_0 .net *"_ivl_4", 0 0, L_0x5f7fcc5b5cf0;  1 drivers
v0x5f7fcc588c40_0 .net *"_ivl_5", 0 0, L_0x5f7fcc5b5de0;  1 drivers
S_0x5f7fcc588d20 .scope generate, "gen_pg[57]" "gen_pg[57]" 5 20, 5 20 0, S_0x5f7fcc4a30e0;
 .timescale 0 0;
P_0x5f7fcc588f20 .param/l "i" 0 5 20, +C4<0111001>;
L_0x5f7fcc5b5ed0/d .functor XOR 1, L_0x5f7fcc5b69d0, L_0x5f7fcc5b6ac0, C4<0>, C4<0>;
L_0x5f7fcc5b5ed0 .delay 1 (2,2,2) L_0x5f7fcc5b5ed0/d;
L_0x5f7fcc5b6200/d .functor AND 1, L_0x5f7fcc5b6370, L_0x5f7fcc5b6460, C4<1>, C4<1>;
L_0x5f7fcc5b6200 .delay 1 (2,2,2) L_0x5f7fcc5b6200/d;
v0x5f7fcc589010_0 .net *"_ivl_1", 0 0, L_0x5f7fcc5b69d0;  1 drivers
v0x5f7fcc589110_0 .net *"_ivl_2", 0 0, L_0x5f7fcc5b6ac0;  1 drivers
v0x5f7fcc5891f0_0 .net *"_ivl_4", 0 0, L_0x5f7fcc5b6370;  1 drivers
v0x5f7fcc5892b0_0 .net *"_ivl_5", 0 0, L_0x5f7fcc5b6460;  1 drivers
S_0x5f7fcc589390 .scope generate, "gen_pg[58]" "gen_pg[58]" 5 20, 5 20 0, S_0x5f7fcc4a30e0;
 .timescale 0 0;
P_0x5f7fcc589590 .param/l "i" 0 5 20, +C4<0111010>;
L_0x5f7fcc5b6550/d .functor XOR 1, L_0x5f7fcc5b6690, L_0x5f7fcc5b6780, C4<0>, C4<0>;
L_0x5f7fcc5b6550 .delay 1 (2,2,2) L_0x5f7fcc5b6550/d;
L_0x5f7fcc5b6870/d .functor AND 1, L_0x5f7fcc5b7360, L_0x5f7fcc5b7450, C4<1>, C4<1>;
L_0x5f7fcc5b6870 .delay 1 (2,2,2) L_0x5f7fcc5b6870/d;
v0x5f7fcc589680_0 .net *"_ivl_1", 0 0, L_0x5f7fcc5b6690;  1 drivers
v0x5f7fcc589780_0 .net *"_ivl_2", 0 0, L_0x5f7fcc5b6780;  1 drivers
v0x5f7fcc589860_0 .net *"_ivl_4", 0 0, L_0x5f7fcc5b7360;  1 drivers
v0x5f7fcc589920_0 .net *"_ivl_5", 0 0, L_0x5f7fcc5b7450;  1 drivers
S_0x5f7fcc589a00 .scope generate, "gen_pg[59]" "gen_pg[59]" 5 20, 5 20 0, S_0x5f7fcc4a30e0;
 .timescale 0 0;
P_0x5f7fcc589c00 .param/l "i" 0 5 20, +C4<0111011>;
L_0x5f7fcc5b6bb0/d .functor XOR 1, L_0x5f7fcc5b6d20, L_0x5f7fcc5b6e10, C4<0>, C4<0>;
L_0x5f7fcc5b6bb0 .delay 1 (2,2,2) L_0x5f7fcc5b6bb0/d;
L_0x5f7fcc5b6f00/d .functor AND 1, L_0x5f7fcc5b7040, L_0x5f7fcc5b7130, C4<1>, C4<1>;
L_0x5f7fcc5b6f00 .delay 1 (2,2,2) L_0x5f7fcc5b6f00/d;
v0x5f7fcc589cf0_0 .net *"_ivl_1", 0 0, L_0x5f7fcc5b6d20;  1 drivers
v0x5f7fcc589df0_0 .net *"_ivl_2", 0 0, L_0x5f7fcc5b6e10;  1 drivers
v0x5f7fcc589ed0_0 .net *"_ivl_4", 0 0, L_0x5f7fcc5b7040;  1 drivers
v0x5f7fcc589f90_0 .net *"_ivl_5", 0 0, L_0x5f7fcc5b7130;  1 drivers
S_0x5f7fcc58a070 .scope generate, "gen_pg[60]" "gen_pg[60]" 5 20, 5 20 0, S_0x5f7fcc4a30e0;
 .timescale 0 0;
P_0x5f7fcc58a270 .param/l "i" 0 5 20, +C4<0111100>;
L_0x5f7fcc5b7220/d .functor XOR 1, L_0x5f7fcc5b7d20, L_0x5f7fcc5b7e10, C4<0>, C4<0>;
L_0x5f7fcc5b7220 .delay 1 (2,2,2) L_0x5f7fcc5b7220/d;
L_0x5f7fcc5b7540/d .functor AND 1, L_0x5f7fcc5b7680, L_0x5f7fcc5b7770, C4<1>, C4<1>;
L_0x5f7fcc5b7540 .delay 1 (2,2,2) L_0x5f7fcc5b7540/d;
v0x5f7fcc58a360_0 .net *"_ivl_1", 0 0, L_0x5f7fcc5b7d20;  1 drivers
v0x5f7fcc58a460_0 .net *"_ivl_2", 0 0, L_0x5f7fcc5b7e10;  1 drivers
v0x5f7fcc58a540_0 .net *"_ivl_4", 0 0, L_0x5f7fcc5b7680;  1 drivers
v0x5f7fcc58a600_0 .net *"_ivl_5", 0 0, L_0x5f7fcc5b7770;  1 drivers
S_0x5f7fcc58a6e0 .scope generate, "gen_pg[61]" "gen_pg[61]" 5 20, 5 20 0, S_0x5f7fcc4a30e0;
 .timescale 0 0;
P_0x5f7fcc58a8e0 .param/l "i" 0 5 20, +C4<0111101>;
L_0x5f7fcc5b7860/d .functor XOR 1, L_0x5f7fcc5b79a0, L_0x5f7fcc5b7a90, C4<0>, C4<0>;
L_0x5f7fcc5b7860 .delay 1 (2,2,2) L_0x5f7fcc5b7860/d;
L_0x5f7fcc5b7b80/d .functor AND 1, L_0x5f7fcc5b86c0, L_0x5f7fcc5b87b0, C4<1>, C4<1>;
L_0x5f7fcc5b7b80 .delay 1 (2,2,2) L_0x5f7fcc5b7b80/d;
v0x5f7fcc58a9d0_0 .net *"_ivl_1", 0 0, L_0x5f7fcc5b79a0;  1 drivers
v0x5f7fcc58aad0_0 .net *"_ivl_2", 0 0, L_0x5f7fcc5b7a90;  1 drivers
v0x5f7fcc58abb0_0 .net *"_ivl_4", 0 0, L_0x5f7fcc5b86c0;  1 drivers
v0x5f7fcc58ac70_0 .net *"_ivl_5", 0 0, L_0x5f7fcc5b87b0;  1 drivers
S_0x5f7fcc58ad50 .scope generate, "gen_pg[62]" "gen_pg[62]" 5 20, 5 20 0, S_0x5f7fcc4a30e0;
 .timescale 0 0;
P_0x5f7fcc58af50 .param/l "i" 0 5 20, +C4<0111110>;
L_0x5f7fcc5b7f00/d .functor XOR 1, L_0x5f7fcc5b8040, L_0x5f7fcc5b8130, C4<0>, C4<0>;
L_0x5f7fcc5b7f00 .delay 1 (2,2,2) L_0x5f7fcc5b7f00/d;
L_0x5f7fcc5b8220/d .functor AND 1, L_0x5f7fcc5b8360, L_0x5f7fcc5b8450, C4<1>, C4<1>;
L_0x5f7fcc5b8220 .delay 1 (2,2,2) L_0x5f7fcc5b8220/d;
v0x5f7fcc58b040_0 .net *"_ivl_1", 0 0, L_0x5f7fcc5b8040;  1 drivers
v0x5f7fcc58b140_0 .net *"_ivl_2", 0 0, L_0x5f7fcc5b8130;  1 drivers
v0x5f7fcc58b220_0 .net *"_ivl_4", 0 0, L_0x5f7fcc5b8360;  1 drivers
v0x5f7fcc58b2e0_0 .net *"_ivl_5", 0 0, L_0x5f7fcc5b8450;  1 drivers
S_0x5f7fcc58b3c0 .scope generate, "gen_pg[63]" "gen_pg[63]" 5 20, 5 20 0, S_0x5f7fcc4a30e0;
 .timescale 0 0;
P_0x5f7fcc58bdd0 .param/l "i" 0 5 20, +C4<0111111>;
L_0x5f7fcc5ba3a0/d .functor XOR 1, L_0x5f7fcc5ba500, L_0x5f7fcc5b88a0, C4<0>, C4<0>;
L_0x5f7fcc5ba3a0 .delay 1 (2,2,2) L_0x5f7fcc5ba3a0/d;
L_0x5f7fcc5ba5f0/d .functor AND 1, L_0x5f7fcc5ba750, L_0x5f7fcc5ba840, C4<1>, C4<1>;
L_0x5f7fcc5ba5f0 .delay 1 (2,2,2) L_0x5f7fcc5ba5f0/d;
v0x5f7fcc58bec0_0 .net *"_ivl_1", 0 0, L_0x5f7fcc5ba500;  1 drivers
v0x5f7fcc58bfc0_0 .net *"_ivl_2", 0 0, L_0x5f7fcc5b88a0;  1 drivers
v0x5f7fcc58c0a0_0 .net *"_ivl_4", 0 0, L_0x5f7fcc5ba750;  1 drivers
v0x5f7fcc58c160_0 .net *"_ivl_5", 0 0, L_0x5f7fcc5ba840;  1 drivers
S_0x5f7fcc4a2f00 .scope module, "rca64" "rca64" 6 20;
 .timescale 0 0;
    .port_info 0 /INPUT 64 "a";
    .port_info 1 /INPUT 64 "b";
    .port_info 2 /INPUT 1 "cin";
    .port_info 3 /OUTPUT 64 "sum";
    .port_info 4 /OUTPUT 1 "cout";
o0x73d408a778e8 .functor BUFZ 64, C4<zzzzzzzzzzzzzzzzzzzzzzzzzzzzzzzzzzzzzzzzzzzzzzzzzzzzzzzzzzzzzzzz>; HiZ drive
v0x5f7fcc5943f0_0 .net "a", 63 0, o0x73d408a778e8;  0 drivers
o0x73d408a77918 .functor BUFZ 64, C4<zzzzzzzzzzzzzzzzzzzzzzzzzzzzzzzzzzzzzzzzzzzzzzzzzzzzzzzzzzzzzzzz>; HiZ drive
v0x5f7fcc5944f0_0 .net "b", 63 0, o0x73d408a77918;  0 drivers
o0x73d408a77948 .functor BUFZ 1, C4<z>; HiZ drive
v0x5f7fcc5945d0_0 .net "cin", 0 0, o0x73d408a77948;  0 drivers
o0x73d408a77978 .functor BUFZ 1, C4<z>; HiZ drive
v0x5f7fcc594670_0 .net "cout", 0 0, o0x73d408a77978;  0 drivers
o0x73d408a779a8 .functor BUFZ 64, C4<zzzzzzzzzzzzzzzzzzzzzzzzzzzzzzzzzzzzzzzzzzzzzzzzzzzzzzzzzzzzzzzz>; HiZ drive
v0x5f7fcc594730_0 .net "sum", 63 0, o0x73d408a779a8;  0 drivers
S_0x5f7fcc476550 .scope module, "tb" "tb" 7 7;
 .timescale 0 0;
v0x5f7fcc5956e0_0 .var "t_a", 63 0;
v0x5f7fcc595810_0 .var "t_b", 63 0;
v0x5f7fcc595920_0 .var "t_cin", 0 0;
o0x73d408a77b58 .functor BUFZ 1, C4<z>; HiZ drive
v0x5f7fcc595a10_0 .net "t_cout", 0 0, o0x73d408a77b58;  0 drivers
o0x73d408a77b88 .functor BUFZ 64, C4<zzzzzzzzzzzzzzzzzzzzzzzzzzzzzzzzzzzzzzzzzzzzzzzzzzzzzzzzzzzzzzzz>; HiZ drive
v0x5f7fcc595b00_0 .net "t_sum", 63 0, o0x73d408a77b88;  0 drivers
v0x5f7fcc595c40_0 .var/str "vcd_file";
S_0x5f7fcc5948b0 .scope module, "DUT" "dut" 7 13, 8 8 0, S_0x5f7fcc476550;
 .timescale 0 0;
    .port_info 0 /INPUT 64 "a";
    .port_info 1 /INPUT 64 "b";
    .port_info 2 /INPUT 1 "cin";
    .port_info 3 /OUTPUT 64 "sum";
    .port_info 4 /OUTPUT 1 "cout";
v0x5f7fcc595220_0 .net "a", 63 0, v0x5f7fcc5956e0_0;  1 drivers
v0x5f7fcc595300_0 .net "b", 63 0, v0x5f7fcc595810_0;  1 drivers
v0x5f7fcc5953d0_0 .net "cin", 0 0, v0x5f7fcc595920_0;  1 drivers
v0x5f7fcc5954d0_0 .net "cout", 0 0, o0x73d408a77b58;  alias, 0 drivers
v0x5f7fcc5955a0_0 .net "sum", 63 0, o0x73d408a77b88;  alias, 0 drivers
S_0x5f7fcc594ab0 .scope module, "U_IMPL" "cla64_blocked" 8 23, 9 13 0, S_0x5f7fcc5948b0;
 .timescale 0 0;
    .port_info 0 /INPUT 64 "a";
    .port_info 1 /INPUT 64 "b";
    .port_info 2 /INPUT 1 "cin";
    .port_info 3 /OUTPUT 64 "sum";
    .port_info 4 /OUTPUT 1 "cout";
v0x5f7fcc594ce0_0 .net "a", 63 0, v0x5f7fcc5956e0_0;  alias, 1 drivers
v0x5f7fcc594de0_0 .net "b", 63 0, v0x5f7fcc595810_0;  alias, 1 drivers
v0x5f7fcc594ec0_0 .net "cin", 0 0, v0x5f7fcc595920_0;  alias, 1 drivers
v0x5f7fcc594f90_0 .net "cout", 0 0, o0x73d408a77b58;  alias, 0 drivers
v0x5f7fcc595050_0 .net "sum", 63 0, o0x73d408a77b88;  alias, 0 drivers
    .scope S_0x5f7fcc476550;
T_1 ;
    %vpi_func 7 24 "$value$plusargs" 32, "vcd=%s", v0x5f7fcc595c40_0 {0 0 0};
    %cmpi/ne 0, 0, 32;
    %jmp/0xz  T_1.0, 4;
    %vpi_call/w 7 25 "$dumpfile", v0x5f7fcc595c40_0 {0 0 0};
    %vpi_call/w 7 26 "$dumpvars", 32'sb00000000000000000000000000000000, S_0x5f7fcc5948b0 {0 0 0};
T_1.0 ;
    %end;
    .thread T_1;
    .scope S_0x5f7fcc476550;
T_2 ;
    %pushi/vec4 0, 0, 64;
    %store/vec4 v0x5f7fcc5956e0_0, 0, 64;
    %pushi/vec4 0, 0, 64;
    %store/vec4 v0x5f7fcc595810_0, 0, 64;
    %pushi/vec4 0, 0, 1;
    %store/vec4 v0x5f7fcc595920_0, 0, 1;
    %delay 30, 0;
    %pushi/vec4 4294967295, 0, 32;
    %concati/vec4 4294967295, 0, 32;
    %store/vec4 v0x5f7fcc5956e0_0, 0, 64;
    %pushi/vec4 1, 0, 64;
    %store/vec4 v0x5f7fcc595810_0, 0, 64;
    %pushi/vec4 0, 0, 1;
    %store/vec4 v0x5f7fcc595920_0, 0, 1;
    %delay 30, 0;
    %pushi/vec4 4042322160, 0, 36;
    %concati/vec4 252645135, 0, 28;
    %store/vec4 v0x5f7fcc5956e0_0, 0, 64;
    %pushi/vec4 4042322160, 0, 32;
    %concati/vec4 4042322160, 0, 32;
    %store/vec4 v0x5f7fcc595810_0, 0, 64;
    %pushi/vec4 1, 0, 1;
    %store/vec4 v0x5f7fcc595920_0, 0, 1;
    %delay 30, 0;
    %pushi/vec4 123456789, 0, 64;
    %store/vec4 v0x5f7fcc5956e0_0, 0, 64;
    %pushi/vec4 987654321, 0, 64;
    %store/vec4 v0x5f7fcc595810_0, 0, 64;
    %pushi/vec4 0, 0, 1;
    %store/vec4 v0x5f7fcc595920_0, 0, 1;
    %delay 30, 0;
    %vpi_call/w 7 35 "$finish" {0 0 0};
    %end;
    .thread T_2;
    .scope S_0x5f7fcc476550;
T_3 ;
    %vpi_call/w 7 39 "$monitor", $time, " a=%h b=%h cin=%b | sum=%h cout=%b", v0x5f7fcc5956e0_0, v0x5f7fcc595810_0, v0x5f7fcc595920_0, v0x5f7fcc595b00_0, v0x5f7fcc595a10_0 {0 0 0};
    %end;
    .thread T_3;
# The file index is used to find the file name in the following table.
:file_names 10;
    "N/A";
    "<interactive>";
    "-";
    "FA_Gate.v";
    "cla4.v";
    "cla64_flat.v";
    "rca64.v";
    "tb.v";
    "dut.v";
    "cla64_blocked.v";
